2026-06-26 15:24:59,031 [INFO] ============================================================
2026-06-26 15:24:59,031 [INFO] LCID Short Trader — PAPER | 2026-06-26 11:24 ET
2026-06-26 15:24:59,031 [INFO] ============================================================
2026-06-26 15:24:59,031 [INFO] Checking exit...
2026-06-26 15:24:59,031 [INFO] Checking entry signal...
2026-06-26 15:24:59,299 [WARNING] Could not fetch price data, skipping signal check
2026-06-26 15:24:59,299 [INFO]   No signal (need +10%, have +0.00%)
2026-06-26 15:24:59,300 [INFO] ────────────────────────────────────────────────────────────
2026-06-26 15:24:59,300 [INFO] No open position
2026-06-26 15:24:59,300 [INFO] No closed trades yet
2026-06-26 15:24:59,300 [INFO] ────────────────────────────────────────────────────────────
2026-06-26 17:16:43,192 [INFO] ============================================================
2026-06-26 17:16:43,192 [INFO] LCID Short Trader — PAPER | 2026-06-26 13:16 ET
2026-06-26 17:16:43,192 [INFO] ============================================================
2026-06-26 17:16:43,192 [INFO] Checking exit...
2026-06-26 17:16:43,192 [INFO] Checking entry signal...
2026-06-26 17:16:43,421 [WARNING] Could not fetch price data, skipping signal check
2026-06-26 17:16:43,421 [INFO]   No signal (need +10%, have +0.00%)
2026-06-26 17:16:43,421 [INFO] ────────────────────────────────────────────────────────────
2026-06-26 17:16:43,421 [INFO] No open position
2026-06-26 17:16:43,421 [INFO] No closed trades yet
2026-06-26 17:16:43,421 [INFO] ────────────────────────────────────────────────────────────
2026-06-26 19:19:45,652 [INFO] ============================================================
2026-06-26 19:19:45,652 [INFO] LCID Short Trader — PAPER | 2026-06-26 15:19 ET
2026-06-26 19:19:45,652 [INFO] ============================================================
2026-06-26 19:19:45,653 [INFO] Checking exit...
2026-06-26 19:19:45,653 [INFO] Checking entry signal...
2026-06-26 19:19:45,892 [WARNING] Could not fetch price data, skipping signal check
2026-06-26 19:19:45,892 [INFO]   No signal (need +10%, have +0.00%)
2026-06-26 19:19:45,892 [INFO] ────────────────────────────────────────────────────────────
2026-06-26 19:19:45,892 [INFO] No open position
2026-06-26 19:19:45,892 [INFO] No closed trades yet
2026-06-26 19:19:45,892 [INFO] ────────────────────────────────────────────────────────────
2026-06-26 21:07:30,790 [INFO] ============================================================
2026-06-26 21:07:30,790 [INFO] LCID Short Trader — PAPER | 2026-06-26 17:07 ET
2026-06-26 21:07:30,790 [INFO] ============================================================
2026-06-26 21:07:30,790 [INFO] Outside market hours (9:30–16:00 ET weekdays) — nothing to do
2026-06-26 21:07:30,790 [INFO] ────────────────────────────────────────────────────────────
2026-06-26 21:07:30,790 [INFO] No open position
2026-06-26 21:07:30,790 [INFO] No closed trades yet
2026-06-26 21:07:30,790 [INFO] ────────────────────────────────────────────────────────────
2026-06-26 22:12:52,371 [INFO] ============================================================
2026-06-26 22:12:52,371 [INFO] LCID Short Trader — PAPER | 2026-06-26 18:12 ET
2026-06-26 22:12:52,371 [INFO] ============================================================
2026-06-26 22:12:52,371 [INFO] Outside market hours (9:30–16:00 ET weekdays) — nothing to do
2026-06-26 22:12:52,371 [INFO] ────────────────────────────────────────────────────────────
2026-06-26 22:12:52,372 [INFO] No open position
2026-06-26 22:12:52,372 [INFO] No closed trades yet
2026-06-26 22:12:52,372 [INFO] ────────────────────────────────────────────────────────────
2026-06-29 16:39:22,811 [INFO] ============================================================
2026-06-29 16:39:22,811 [INFO] LCID Short Trader — PAPER | 2026-06-29 12:39 ET
2026-06-29 16:39:22,811 [INFO] ============================================================
2026-06-29 16:39:22,811 [INFO] Checking exit...
2026-06-29 16:39:22,811 [INFO] Checking entry signal...
2026-06-29 16:39:23,300 [WARNING] Could not fetch price data, skipping signal check
2026-06-29 16:39:23,300 [INFO]   No signal (need +10%, have +0.00%)
2026-06-29 16:39:23,300 [INFO] ────────────────────────────────────────────────────────────
2026-06-29 16:39:23,300 [INFO] No open position
2026-06-29 16:39:23,300 [INFO] No closed trades yet
2026-06-29 16:39:23,300 [INFO] ────────────────────────────────────────────────────────────
2026-06-29 18:34:01,922 [INFO] ============================================================
2026-06-29 18:34:01,922 [INFO] LCID Short Trader — PAPER | 2026-06-29 14:34 ET
2026-06-29 18:34:01,922 [INFO] ============================================================
2026-06-29 18:34:01,922 [INFO] Checking exit...
2026-06-29 18:34:01,922 [INFO] Checking entry signal...
2026-06-29 18:34:02,260 [WARNING] Could not fetch price data, skipping signal check
2026-06-29 18:34:02,260 [INFO]   No signal (need +10%, have +0.00%)
2026-06-29 18:34:02,260 [INFO] ────────────────────────────────────────────────────────────
2026-06-29 18:34:02,260 [INFO] No open position
2026-06-29 18:34:02,260 [INFO] No closed trades yet
2026-06-29 18:34:02,260 [INFO] ────────────────────────────────────────────────────────────
2026-06-29 20:32:18,072 [INFO] ============================================================
2026-06-29 20:32:18,072 [INFO] LCID Short Trader — PAPER | 2026-06-29 16:32 ET
2026-06-29 20:32:18,072 [INFO] ============================================================
2026-06-29 20:32:18,072 [INFO] Outside market hours (9:30–16:00 ET weekdays) — nothing to do
2026-06-29 20:32:18,072 [INFO] ────────────────────────────────────────────────────────────
2026-06-29 20:32:18,072 [INFO] No open position
2026-06-29 20:32:18,072 [INFO] No closed trades yet
2026-06-29 20:32:18,072 [INFO] ────────────────────────────────────────────────────────────
2026-06-29 22:00:31,700 [INFO] ============================================================
2026-06-29 22:00:31,700 [INFO] LCID Short Trader — PAPER | 2026-06-29 18:00 ET
2026-06-29 22:00:31,700 [INFO] ============================================================
2026-06-29 22:00:31,700 [INFO] Outside market hours (9:30–16:00 ET weekdays) — nothing to do
2026-06-29 22:00:31,700 [INFO] ────────────────────────────────────────────────────────────
2026-06-29 22:00:31,700 [INFO] No open position
2026-06-29 22:00:31,700 [INFO] No closed trades yet
2026-06-29 22:00:31,700 [INFO] ────────────────────────────────────────────────────────────
2026-06-29 22:08:02,956 [INFO] ============================================================
2026-06-29 22:08:02,956 [INFO] LCID Short Trader — PAPER | 2026-06-29 18:08 ET
2026-06-29 22:08:02,956 [INFO] ============================================================
2026-06-29 22:08:02,956 [INFO] Outside market hours (9:30–16:00 ET weekdays) — nothing to do
2026-06-29 22:08:02,956 [INFO] ────────────────────────────────────────────────────────────
2026-06-29 22:08:02,956 [INFO] No open position
2026-06-29 22:08:02,956 [INFO] No closed trades yet
2026-06-29 22:08:02,956 [INFO] ────────────────────────────────────────────────────────────
2026-06-30 15:30:22,037 [INFO] ============================================================
2026-06-30 15:30:22,037 [INFO] LCID Short Trader — PAPER | 2026-06-30 11:30 ET
2026-06-30 15:30:22,037 [INFO] ============================================================
2026-06-30 15:30:22,037 [INFO] Checking exit...
2026-06-30 15:30:22,038 [INFO] Checking entry signal...
2026-06-30 15:30:22,304 [WARNING] Could not fetch price data, skipping signal check
2026-06-30 15:30:22,304 [INFO]   No signal (need +10%, have +0.00%)
2026-06-30 15:30:22,305 [INFO] ────────────────────────────────────────────────────────────
2026-06-30 15:30:22,305 [INFO] No open position
2026-06-30 15:30:22,305 [INFO] No closed trades yet
2026-06-30 15:30:22,305 [INFO] ────────────────────────────────────────────────────────────
2026-06-30 17:26:54,127 [INFO] ============================================================
2026-06-30 17:26:54,127 [INFO] LCID Short Trader — PAPER | 2026-06-30 13:26 ET
2026-06-30 17:26:54,127 [INFO] ============================================================
2026-06-30 17:26:54,128 [INFO] Checking exit...
2026-06-30 17:26:54,128 [INFO] Checking entry signal...
2026-06-30 17:26:54,407 [WARNING] Could not fetch price data, skipping signal check
2026-06-30 17:26:54,407 [INFO]   No signal (need +10%, have +0.00%)
2026-06-30 17:26:54,408 [INFO] ────────────────────────────────────────────────────────────
2026-06-30 17:26:54,408 [INFO] No open position
2026-06-30 17:26:54,408 [INFO] No closed trades yet
2026-06-30 17:26:54,408 [INFO] ────────────────────────────────────────────────────────────
2026-06-30 19:21:25,914 [INFO] ============================================================
2026-06-30 19:21:25,915 [INFO] LCID Short Trader — PAPER | 2026-06-30 15:21 ET
2026-06-30 19:21:25,915 [INFO] ============================================================
2026-06-30 19:21:25,915 [INFO] Checking exit...
2026-06-30 19:21:25,915 [INFO] Checking entry signal...
2026-06-30 19:21:26,497 [WARNING] Could not fetch price data, skipping signal check
2026-06-30 19:21:26,497 [INFO]   No signal (need +10%, have +0.00%)
2026-06-30 19:21:26,497 [INFO] ────────────────────────────────────────────────────────────
2026-06-30 19:21:26,497 [INFO] No open position
2026-06-30 19:21:26,497 [INFO] No closed trades yet
2026-06-30 19:21:26,498 [INFO] ────────────────────────────────────────────────────────────
2026-06-30 21:15:00,482 [INFO] ============================================================
2026-06-30 21:15:00,482 [INFO] LCID Short Trader — PAPER | 2026-06-30 17:15 ET
2026-06-30 21:15:00,482 [INFO] ============================================================
2026-06-30 21:15:00,482 [INFO] Outside market hours (9:30–16:00 ET weekdays) — nothing to do
2026-06-30 21:15:00,482 [INFO] ────────────────────────────────────────────────────────────
2026-06-30 21:15:00,482 [INFO] No open position
2026-06-30 21:15:00,482 [INFO] No closed trades yet
2026-06-30 21:15:00,482 [INFO] ────────────────────────────────────────────────────────────
2026-06-30 22:15:08,105 [INFO] ============================================================
2026-06-30 22:15:08,105 [INFO] LCID Short Trader — PAPER | 2026-06-30 18:15 ET
2026-06-30 22:15:08,105 [INFO] ============================================================
2026-06-30 22:15:08,105 [INFO] Outside market hours (9:30–16:00 ET weekdays) — nothing to do
2026-06-30 22:15:08,105 [INFO] ────────────────────────────────────────────────────────────
2026-06-30 22:15:08,105 [INFO] No open position
2026-06-30 22:15:08,105 [INFO] No closed trades yet
2026-06-30 22:15:08,105 [INFO] ────────────────────────────────────────────────────────────
2026-07-01 15:44:11,955 [INFO] ============================================================
2026-07-01 15:44:11,956 [INFO] LCID Short Trader — PAPER | 2026-07-01 11:44 ET
2026-07-01 15:44:11,956 [INFO] ============================================================
2026-07-01 15:44:11,956 [INFO] Checking exit...
2026-07-01 15:44:11,956 [INFO] Checking entry signal...
2026-07-01 15:44:12,214 [WARNING] Could not fetch price data, skipping signal check
2026-07-01 15:44:12,214 [INFO]   No signal (need +10%, have +0.00%)
2026-07-01 15:44:12,214 [INFO] ────────────────────────────────────────────────────────────
2026-07-01 15:44:12,214 [INFO] No open position
2026-07-01 15:44:12,214 [INFO] No closed trades yet
2026-07-01 15:44:12,214 [INFO] ────────────────────────────────────────────────────────────
2026-07-01 17:33:39,672 [INFO] ============================================================
2026-07-01 17:33:39,672 [INFO] LCID Short Trader — PAPER | 2026-07-01 13:33 ET
2026-07-01 17:33:39,672 [INFO] ============================================================
2026-07-01 17:33:39,672 [INFO] Checking exit...
2026-07-01 17:33:39,672 [INFO] Checking entry signal...
2026-07-01 17:33:39,889 [WARNING] Could not fetch price data, skipping signal check
2026-07-01 17:33:39,889 [INFO]   No signal (need +10%, have +0.00%)
2026-07-01 17:33:39,889 [INFO] ────────────────────────────────────────────────────────────
2026-07-01 17:33:39,889 [INFO] No open position
2026-07-01 17:33:39,889 [INFO] No closed trades yet
2026-07-01 17:33:39,889 [INFO] ────────────────────────────────────────────────────────────
2026-07-01 19:24:24,033 [INFO] ============================================================
2026-07-01 19:24:24,034 [INFO] LCID Short Trader — PAPER | 2026-07-01 15:24 ET
2026-07-01 19:24:24,034 [INFO] ============================================================
2026-07-01 19:24:24,034 [INFO] Checking exit...
2026-07-01 19:24:24,034 [INFO] Checking entry signal...
2026-07-01 19:24:24,361 [WARNING] Could not fetch price data, skipping signal check
2026-07-01 19:24:24,361 [INFO]   No signal (need +10%, have +0.00%)
2026-07-01 19:24:24,362 [INFO] ────────────────────────────────────────────────────────────
2026-07-01 19:24:24,362 [INFO] No open position
2026-07-01 19:24:24,362 [INFO] No closed trades yet
2026-07-01 19:24:24,362 [INFO] ────────────────────────────────────────────────────────────
2026-07-01 21:07:35,586 [INFO] ============================================================
2026-07-01 21:07:35,586 [INFO] LCID Short Trader — PAPER | 2026-07-01 17:07 ET
2026-07-01 21:07:35,586 [INFO] ============================================================
2026-07-01 21:07:35,586 [INFO] Outside market hours (9:30–16:00 ET weekdays) — nothing to do
2026-07-01 21:07:35,587 [INFO] ────────────────────────────────────────────────────────────
2026-07-01 21:07:35,587 [INFO] No open position
2026-07-01 21:07:35,587 [INFO] No closed trades yet
2026-07-01 21:07:35,587 [INFO] ────────────────────────────────────────────────────────────
2026-07-01 22:17:06,134 [INFO] ============================================================
2026-07-01 22:17:06,134 [INFO] LCID Short Trader — PAPER | 2026-07-01 18:17 ET
2026-07-01 22:17:06,134 [INFO] ============================================================
2026-07-01 22:17:06,134 [INFO] Outside market hours (9:30–16:00 ET weekdays) — nothing to do
2026-07-01 22:17:06,134 [INFO] ────────────────────────────────────────────────────────────
2026-07-01 22:17:06,134 [INFO] No open position
2026-07-01 22:17:06,134 [INFO] No closed trades yet
2026-07-01 22:17:06,134 [INFO] ────────────────────────────────────────────────────────────
2026-07-02 15:17:56,805 [INFO] ============================================================
2026-07-02 15:17:56,805 [INFO] LCID Short Trader — PAPER | 2026-07-02 11:17 ET
2026-07-02 15:17:56,806 [INFO] ============================================================
2026-07-02 15:17:56,806 [INFO] Checking exit...
2026-07-02 15:17:56,806 [INFO] Checking entry signal...
2026-07-02 15:17:57,156 [WARNING] Could not fetch price data, skipping signal check
2026-07-02 15:17:57,156 [INFO]   No signal (need +10%, have +0.00%)
2026-07-02 15:17:57,156 [INFO] ────────────────────────────────────────────────────────────
2026-07-02 15:17:57,157 [INFO] No open position
2026-07-02 15:17:57,157 [INFO] No closed trades yet
2026-07-02 15:17:57,157 [INFO] ────────────────────────────────────────────────────────────
2026-07-02 17:12:01,280 [INFO] ============================================================
2026-07-02 17:12:01,280 [INFO] LCID Short Trader — PAPER | 2026-07-02 13:12 ET
2026-07-02 17:12:01,280 [INFO] ============================================================
2026-07-02 17:12:01,281 [INFO] Checking exit...
2026-07-02 17:12:01,281 [INFO] Checking entry signal...
2026-07-02 17:12:01,551 [WARNING] Could not fetch price data, skipping signal check
2026-07-02 17:12:01,551 [INFO]   No signal (need +10%, have +0.00%)
2026-07-02 17:12:01,551 [INFO] ────────────────────────────────────────────────────────────
2026-07-02 17:12:01,551 [INFO] No open position
2026-07-02 17:12:01,551 [INFO] No closed trades yet
2026-07-02 17:12:01,551 [INFO] ────────────────────────────────────────────────────────────
2026-07-02 18:49:44,110 [INFO] ============================================================
2026-07-02 18:49:44,110 [INFO] LCID Short Trader — PAPER | 2026-07-02 14:49 ET
2026-07-02 18:49:44,110 [INFO] ============================================================
2026-07-02 18:49:44,110 [INFO] Checking exit...
2026-07-02 18:49:44,110 [INFO] Checking entry signal...
2026-07-02 18:49:44,348 [WARNING] Could not fetch price data, skipping signal check
2026-07-02 18:49:44,348 [INFO]   No signal (need +10%, have +0.00%)
2026-07-02 18:49:44,348 [INFO] ────────────────────────────────────────────────────────────
2026-07-02 18:49:44,349 [INFO] No open position
2026-07-02 18:49:44,349 [INFO] No closed trades yet
2026-07-02 18:49:44,349 [INFO] ────────────────────────────────────────────────────────────
2026-07-02 20:20:24,693 [INFO] ============================================================
2026-07-02 20:20:24,694 [INFO] LCID Short Trader — PAPER | 2026-07-02 16:20 ET
2026-07-02 20:20:24,694 [INFO] ============================================================
2026-07-02 20:20:24,694 [INFO] Outside market hours (9:30–16:00 ET weekdays) — nothing to do
2026-07-02 20:20:24,694 [INFO] ────────────────────────────────────────────────────────────
2026-07-02 20:20:24,694 [INFO] No open position
2026-07-02 20:20:24,694 [INFO] No closed trades yet
2026-07-02 20:20:24,694 [INFO] ────────────────────────────────────────────────────────────
2026-07-02 21:45:17,030 [INFO] ============================================================
2026-07-02 21:45:17,030 [INFO] LCID Short Trader — PAPER | 2026-07-02 17:45 ET
2026-07-02 21:45:17,030 [INFO] ============================================================
2026-07-02 21:45:17,030 [INFO] Outside market hours (9:30–16:00 ET weekdays) — nothing to do
2026-07-02 21:45:17,030 [INFO] ────────────────────────────────────────────────────────────
2026-07-02 21:45:17,030 [INFO] No open position
2026-07-02 21:45:17,030 [INFO] No closed trades yet
2026-07-02 21:45:17,031 [INFO] ────────────────────────────────────────────────────────────
2026-07-02 22:05:48,613 [INFO] ============================================================
2026-07-02 22:05:48,613 [INFO] LCID Short Trader — PAPER | 2026-07-02 18:05 ET
2026-07-02 22:05:48,614 [INFO] ============================================================
2026-07-02 22:05:48,614 [INFO] Outside market hours (9:30–16:00 ET weekdays) — nothing to do
2026-07-02 22:05:48,614 [INFO] ────────────────────────────────────────────────────────────
2026-07-02 22:05:48,614 [INFO] No open position
2026-07-02 22:05:48,614 [INFO] No closed trades yet
2026-07-02 22:05:48,614 [INFO] ────────────────────────────────────────────────────────────
2026-07-03 15:12:51,911 [INFO] ============================================================
2026-07-03 15:12:51,911 [INFO] LCID Short Trader — PAPER | 2026-07-03 11:12 ET
2026-07-03 15:12:51,911 [INFO] ============================================================
2026-07-03 15:12:51,911 [INFO] Checking exit...
2026-07-03 15:12:51,911 [INFO] Checking entry signal...
2026-07-03 15:12:52,201 [WARNING] Could not fetch price data, skipping signal check
2026-07-03 15:12:52,201 [INFO]   No signal (need +10%, have +0.00%)
2026-07-03 15:12:52,201 [INFO] ────────────────────────────────────────────────────────────
2026-07-03 15:12:52,201 [INFO] No open position
2026-07-03 15:12:52,201 [INFO] No closed trades yet
2026-07-03 15:12:52,201 [INFO] ────────────────────────────────────────────────────────────
2026-07-03 16:46:52,236 [INFO] ============================================================
2026-07-03 16:46:52,236 [INFO] LCID Short Trader — PAPER | 2026-07-03 12:46 ET
2026-07-03 16:46:52,236 [INFO] ============================================================
2026-07-03 16:46:52,236 [INFO] Checking exit...
2026-07-03 16:46:52,236 [INFO] Checking entry signal...
2026-07-03 16:46:52,573 [WARNING] Could not fetch price data, skipping signal check
2026-07-03 16:46:52,573 [INFO]   No signal (need +10%, have +0.00%)
2026-07-03 16:46:52,574 [INFO] ────────────────────────────────────────────────────────────
2026-07-03 16:46:52,574 [INFO] No open position
2026-07-03 16:46:52,574 [INFO] No closed trades yet
2026-07-03 16:46:52,574 [INFO] ────────────────────────────────────────────────────────────
2026-07-03 18:14:17,807 [INFO] ============================================================
2026-07-03 18:14:17,807 [INFO] LCID Short Trader — PAPER | 2026-07-03 14:14 ET
2026-07-03 18:14:17,807 [INFO] ============================================================
2026-07-03 18:14:17,807 [INFO] Checking exit...
2026-07-03 18:14:17,807 [INFO] Checking entry signal...
2026-07-03 18:14:18,440 [WARNING] Could not fetch price data, skipping signal check
2026-07-03 18:14:18,440 [INFO]   No signal (need +10%, have +0.00%)
2026-07-03 18:14:18,440 [INFO] ────────────────────────────────────────────────────────────
2026-07-03 18:14:18,440 [INFO] No open position
2026-07-03 18:14:18,440 [INFO] No closed trades yet
2026-07-03 18:14:18,440 [INFO] ────────────────────────────────────────────────────────────
2026-07-03 19:53:31,660 [INFO] ============================================================
2026-07-03 19:53:31,660 [INFO] LCID Short Trader — PAPER | 2026-07-03 15:53 ET
2026-07-03 19:53:31,660 [INFO] ============================================================
2026-07-03 19:53:31,660 [INFO] Checking exit...
2026-07-03 19:53:31,661 [INFO] Checking entry signal...
2026-07-03 19:53:32,152 [WARNING] Could not fetch price data, skipping signal check
2026-07-03 19:53:32,152 [INFO]   No signal (need +10%, have +0.00%)
2026-07-03 19:53:32,152 [INFO] ────────────────────────────────────────────────────────────
2026-07-03 19:53:32,152 [INFO] No open position
2026-07-03 19:53:32,152 [INFO] No closed trades yet
2026-07-03 19:53:32,152 [INFO] ────────────────────────────────────────────────────────────
2026-07-03 21:09:27,586 [INFO] ============================================================
2026-07-03 21:09:27,586 [INFO] LCID Short Trader — PAPER | 2026-07-03 17:09 ET
2026-07-03 21:09:27,586 [INFO] ============================================================
2026-07-03 21:09:27,586 [INFO] Outside market hours (9:30–16:00 ET weekdays) — nothing to do
2026-07-03 21:09:27,586 [INFO] ────────────────────────────────────────────────────────────
2026-07-03 21:09:27,586 [INFO] No open position
2026-07-03 21:09:27,586 [INFO] No closed trades yet
2026-07-03 21:09:27,586 [INFO] ────────────────────────────────────────────────────────────
2026-07-03 22:04:00,505 [INFO] ============================================================
2026-07-03 22:04:00,505 [INFO] LCID Short Trader — PAPER | 2026-07-03 18:04 ET
2026-07-03 22:04:00,505 [INFO] ============================================================
2026-07-03 22:04:00,505 [INFO] Outside market hours (9:30–16:00 ET weekdays) — nothing to do
2026-07-03 22:04:00,505 [INFO] ────────────────────────────────────────────────────────────
2026-07-03 22:04:00,505 [INFO] No open position
2026-07-03 22:04:00,505 [INFO] No closed trades yet
2026-07-03 22:04:00,505 [INFO] ────────────────────────────────────────────────────────────
2026-07-06 16:21:58,700 [INFO] ============================================================
2026-07-06 16:21:58,700 [INFO] LCID Short Trader — PAPER | 2026-07-06 12:21 ET
2026-07-06 16:21:58,700 [INFO] ============================================================
2026-07-06 16:21:58,700 [INFO] Checking exit...
2026-07-06 16:21:58,700 [INFO] Checking entry signal...
2026-07-06 16:21:58,937 [WARNING] Could not fetch price data, skipping signal check
2026-07-06 16:21:58,937 [INFO]   No signal (need +10%, have +0.00%)
2026-07-06 16:21:58,937 [INFO] ────────────────────────────────────────────────────────────
2026-07-06 16:21:58,938 [INFO] No open position
2026-07-06 16:21:58,938 [INFO] No closed trades yet
2026-07-06 16:21:58,938 [INFO] ────────────────────────────────────────────────────────────
2026-07-06 18:27:02,812 [INFO] ============================================================
2026-07-06 18:27:02,813 [INFO] LCID Short Trader — PAPER | 2026-07-06 14:27 ET
2026-07-06 18:27:02,813 [INFO] ============================================================
2026-07-06 18:27:02,813 [INFO] Checking exit...
2026-07-06 18:27:02,813 [INFO] Checking entry signal...
2026-07-06 18:27:03,160 [WARNING] Could not fetch price data, skipping signal check
2026-07-06 18:27:03,160 [INFO]   No signal (need +10%, have +0.00%)
2026-07-06 18:27:03,160 [INFO] ────────────────────────────────────────────────────────────
2026-07-06 18:27:03,160 [INFO] No open position
2026-07-06 18:27:03,160 [INFO] No closed trades yet
2026-07-06 18:27:03,160 [INFO] ────────────────────────────────────────────────────────────
2026-07-06 20:27:17,220 [INFO] ============================================================
2026-07-06 20:27:17,220 [INFO] LCID Short Trader — PAPER | 2026-07-06 16:27 ET
2026-07-06 20:27:17,220 [INFO] ============================================================
2026-07-06 20:27:17,220 [INFO] Outside market hours (9:30–16:00 ET weekdays) — nothing to do
2026-07-06 20:27:17,220 [INFO] ────────────────────────────────────────────────────────────
2026-07-06 20:27:17,221 [INFO] No open position
2026-07-06 20:27:17,221 [INFO] No closed trades yet
2026-07-06 20:27:17,221 [INFO] ────────────────────────────────────────────────────────────
2026-07-06 21:56:40,537 [INFO] ============================================================
2026-07-06 21:56:40,537 [INFO] LCID Short Trader — PAPER | 2026-07-06 17:56 ET
2026-07-06 21:56:40,537 [INFO] ============================================================
2026-07-06 21:56:40,537 [INFO] Outside market hours (9:30–16:00 ET weekdays) — nothing to do
2026-07-06 21:56:40,537 [INFO] ────────────────────────────────────────────────────────────
2026-07-06 21:56:40,537 [INFO] No open position
2026-07-06 21:56:40,537 [INFO] No closed trades yet
2026-07-06 21:56:40,537 [INFO] ────────────────────────────────────────────────────────────
2026-07-06 22:13:29,394 [INFO] ============================================================
2026-07-06 22:13:29,394 [INFO] LCID Short Trader — PAPER | 2026-07-06 18:13 ET
2026-07-06 22:13:29,394 [INFO] ============================================================
2026-07-06 22:13:29,394 [INFO] Outside market hours (9:30–16:00 ET weekdays) — nothing to do
2026-07-06 22:13:29,394 [INFO] ────────────────────────────────────────────────────────────
2026-07-06 22:13:29,395 [INFO] No open position
2026-07-06 22:13:29,395 [INFO] No closed trades yet
2026-07-06 22:13:29,395 [INFO] ────────────────────────────────────────────────────────────
2026-07-07 15:44:22,386 [INFO] ============================================================
2026-07-07 15:44:22,386 [INFO] LCID Short Trader — PAPER | 2026-07-07 11:44 ET
2026-07-07 15:44:22,386 [INFO] ============================================================
2026-07-07 15:44:22,386 [INFO] Checking exit...
2026-07-07 15:44:22,386 [INFO] Checking entry signal...
2026-07-07 15:44:22,733 [WARNING] Could not fetch price data, skipping signal check
2026-07-07 15:44:22,733 [INFO]   No signal (need +10%, have +0.00%)
2026-07-07 15:44:22,733 [INFO] ────────────────────────────────────────────────────────────
2026-07-07 15:44:22,733 [INFO] No open position
2026-07-07 15:44:22,733 [INFO] No closed trades yet
2026-07-07 15:44:22,733 [INFO] ────────────────────────────────────────────────────────────
2026-07-07 17:46:28,699 [INFO] ============================================================
2026-07-07 17:46:28,699 [INFO] LCID Short Trader — PAPER | 2026-07-07 13:46 ET
2026-07-07 17:46:28,699 [INFO] ============================================================
2026-07-07 17:46:28,699 [INFO] Checking exit...
2026-07-07 17:46:28,699 [INFO] Checking entry signal...
2026-07-07 17:46:28,945 [WARNING] Could not fetch price data, skipping signal check
2026-07-07 17:46:28,945 [INFO]   No signal (need +10%, have +0.00%)
2026-07-07 17:46:28,946 [INFO] ────────────────────────────────────────────────────────────
2026-07-07 17:46:28,946 [INFO] No open position
2026-07-07 17:46:28,946 [INFO] No closed trades yet
2026-07-07 17:46:28,946 [INFO] ────────────────────────────────────────────────────────────
2026-07-07 19:57:59,917 [INFO] ============================================================
2026-07-07 19:57:59,918 [INFO] LCID Short Trader — PAPER | 2026-07-07 15:57 ET
2026-07-07 19:57:59,918 [INFO] ============================================================
2026-07-07 19:57:59,918 [INFO] Checking exit...
2026-07-07 19:57:59,918 [INFO] Checking entry signal...
2026-07-07 19:58:00,611 [WARNING] Could not fetch price data, skipping signal check
2026-07-07 19:58:00,611 [INFO]   No signal (need +10%, have +0.00%)
2026-07-07 19:58:00,611 [INFO] ────────────────────────────────────────────────────────────
2026-07-07 19:58:00,611 [INFO] No open position
2026-07-07 19:58:00,611 [INFO] No closed trades yet
2026-07-07 19:58:00,611 [INFO] ────────────────────────────────────────────────────────────
2026-07-07 21:36:44,149 [INFO] ============================================================
2026-07-07 21:36:44,150 [INFO] LCID Short Trader — PAPER | 2026-07-07 17:36 ET
2026-07-07 21:36:44,150 [INFO] ============================================================
2026-07-07 21:36:44,150 [INFO] Outside market hours (9:30–16:00 ET weekdays) — nothing to do
2026-07-07 21:36:44,150 [INFO] ────────────────────────────────────────────────────────────
2026-07-07 21:36:44,150 [INFO] No open position
2026-07-07 21:36:44,150 [INFO] No closed trades yet
2026-07-07 21:36:44,150 [INFO] ────────────────────────────────────────────────────────────
2026-07-07 22:10:42,056 [INFO] ============================================================
2026-07-07 22:10:42,056 [INFO] LCID Short Trader — PAPER | 2026-07-07 18:10 ET
2026-07-07 22:10:42,056 [INFO] ============================================================
2026-07-07 22:10:42,056 [INFO] Outside market hours (9:30–16:00 ET weekdays) — nothing to do
2026-07-07 22:10:42,056 [INFO] ────────────────────────────────────────────────────────────
2026-07-07 22:10:42,056 [INFO] No open position
2026-07-07 22:10:42,056 [INFO] No closed trades yet
2026-07-07 22:10:42,056 [INFO] ────────────────────────────────────────────────────────────
2026-07-08 15:23:32,924 [INFO] ============================================================
2026-07-08 15:23:32,925 [INFO] LCID Short Trader — PAPER | 2026-07-08 11:23 ET
2026-07-08 15:23:32,925 [INFO] ============================================================
2026-07-08 15:23:32,925 [INFO] Checking exit...
2026-07-08 15:23:32,925 [INFO] Checking entry signal...
2026-07-08 15:23:33,181 [WARNING] Could not fetch price data, skipping signal check
2026-07-08 15:23:33,181 [INFO]   No signal (need +10%, have +0.00%)
2026-07-08 15:23:33,181 [INFO] ────────────────────────────────────────────────────────────
2026-07-08 15:23:33,182 [INFO] No open position
2026-07-08 15:23:33,182 [INFO] No closed trades yet
2026-07-08 15:23:33,182 [INFO] ────────────────────────────────────────────────────────────
2026-07-08 16:57:50,084 [INFO] ============================================================
2026-07-08 16:57:50,084 [INFO] LCID Short Trader — PAPER | 2026-07-08 12:57 ET
2026-07-08 16:57:50,084 [INFO] ============================================================
2026-07-08 16:57:50,084 [INFO] Checking exit...
2026-07-08 16:57:50,084 [INFO] Checking entry signal...
2026-07-08 16:57:50,819 [WARNING] Could not fetch price data, skipping signal check
2026-07-08 16:57:50,819 [INFO]   No signal (need +10%, have +0.00%)
2026-07-08 16:57:50,819 [INFO] ────────────────────────────────────────────────────────────
2026-07-08 16:57:50,819 [INFO] No open position
2026-07-08 16:57:50,819 [INFO] No closed trades yet
2026-07-08 16:57:50,820 [INFO] ────────────────────────────────────────────────────────────
2026-07-08 18:24:02,130 [INFO] ============================================================
2026-07-08 18:24:02,130 [INFO] LCID Short Trader — PAPER | 2026-07-08 14:24 ET
2026-07-08 18:24:02,130 [INFO] ============================================================
2026-07-08 18:24:02,130 [INFO] Checking exit...
2026-07-08 18:24:02,130 [INFO] Checking entry signal...
2026-07-08 18:24:02,458 [WARNING] Could not fetch price data, skipping signal check
2026-07-08 18:24:02,458 [INFO]   No signal (need +10%, have +0.00%)
2026-07-08 18:24:02,458 [INFO] ────────────────────────────────────────────────────────────
2026-07-08 18:24:02,458 [INFO] No open position
2026-07-08 18:24:02,458 [INFO] No closed trades yet
2026-07-08 18:24:02,458 [INFO] ────────────────────────────────────────────────────────────
2026-07-08 20:04:53,363 [INFO] ============================================================
2026-07-08 20:04:53,363 [INFO] LCID Short Trader — PAPER | 2026-07-08 16:04 ET
2026-07-08 20:04:53,363 [INFO] ============================================================
2026-07-08 20:04:53,363 [INFO] Outside market hours (9:30–16:00 ET weekdays) — nothing to do
2026-07-08 20:04:53,363 [INFO] ────────────────────────────────────────────────────────────
2026-07-08 20:04:53,363 [INFO] No open position
2026-07-08 20:04:53,363 [INFO] No closed trades yet
2026-07-08 20:04:53,363 [INFO] ────────────────────────────────────────────────────────────
2026-07-08 21:32:10,688 [INFO] ============================================================
2026-07-08 21:32:10,688 [INFO] LCID Short Trader — PAPER | 2026-07-08 17:32 ET
2026-07-08 21:32:10,688 [INFO] ============================================================
2026-07-08 21:32:10,688 [INFO] Outside market hours (9:30–16:00 ET weekdays) — nothing to do
2026-07-08 21:32:10,688 [INFO] ────────────────────────────────────────────────────────────
2026-07-08 21:32:10,688 [INFO] No open position
2026-07-08 21:32:10,689 [INFO] No closed trades yet
2026-07-08 21:32:10,689 [INFO] ────────────────────────────────────────────────────────────
2026-07-08 22:04:37,627 [INFO] ============================================================
2026-07-08 22:04:37,627 [INFO] LCID Short Trader — PAPER | 2026-07-08 18:04 ET
2026-07-08 22:04:37,627 [INFO] ============================================================
2026-07-08 22:04:37,628 [INFO] Outside market hours (9:30–16:00 ET weekdays) — nothing to do
2026-07-08 22:04:37,628 [INFO] ────────────────────────────────────────────────────────────
2026-07-08 22:04:37,628 [INFO] No open position
2026-07-08 22:04:37,628 [INFO] No closed trades yet
2026-07-08 22:04:37,628 [INFO] ────────────────────────────────────────────────────────────
2026-07-09 15:57:51,974 [INFO] ============================================================
2026-07-09 15:57:51,974 [INFO] LCID Short Trader — PAPER | 2026-07-09 11:57 ET
2026-07-09 15:57:51,974 [INFO] ============================================================
2026-07-09 15:57:51,974 [INFO] Checking exit...
2026-07-09 15:57:51,974 [INFO] Checking entry signal...
2026-07-09 15:57:52,170 [WARNING] Could not fetch price data, skipping signal check
2026-07-09 15:57:52,170 [INFO]   No signal (need +10%, have +0.00%)
2026-07-09 15:57:52,170 [INFO] ────────────────────────────────────────────────────────────
2026-07-09 15:57:52,170 [INFO] No open position
2026-07-09 15:57:52,170 [INFO] No closed trades yet
2026-07-09 15:57:52,170 [INFO] ────────────────────────────────────────────────────────────
2026-07-09 18:05:00,404 [INFO] ============================================================
2026-07-09 18:05:00,404 [INFO] LCID Short Trader — PAPER | 2026-07-09 14:05 ET
2026-07-09 18:05:00,404 [INFO] ============================================================
2026-07-09 18:05:00,405 [INFO] Checking exit...
2026-07-09 18:05:00,405 [INFO] Checking entry signal...
2026-07-09 18:05:00,752 [WARNING] Could not fetch price data, skipping signal check
2026-07-09 18:05:00,752 [INFO]   No signal (need +10%, have +0.00%)
2026-07-09 18:05:00,753 [INFO] ────────────────────────────────────────────────────────────
2026-07-09 18:05:00,753 [INFO] No open position
2026-07-09 18:05:00,753 [INFO] No closed trades yet
2026-07-09 18:05:00,753 [INFO] ────────────────────────────────────────────────────────────
2026-07-09 20:04:39,695 [INFO] ============================================================
2026-07-09 20:04:39,695 [INFO] LCID Short Trader — PAPER | 2026-07-09 16:04 ET
2026-07-09 20:04:39,695 [INFO] ============================================================
2026-07-09 20:04:39,696 [INFO] Outside market hours (9:30–16:00 ET weekdays) — nothing to do
2026-07-09 20:04:39,696 [INFO] ────────────────────────────────────────────────────────────
2026-07-09 20:04:39,696 [INFO] No open position
2026-07-09 20:04:39,696 [INFO] No closed trades yet
2026-07-09 20:04:39,696 [INFO] ────────────────────────────────────────────────────────────
2026-07-09 21:46:02,513 [INFO] ============================================================
2026-07-09 21:46:02,513 [INFO] LCID Short Trader — PAPER | 2026-07-09 17:46 ET
2026-07-09 21:46:02,513 [INFO] ============================================================
2026-07-09 21:46:02,514 [INFO] Outside market hours (9:30–16:00 ET weekdays) — nothing to do
2026-07-09 21:46:02,514 [INFO] ────────────────────────────────────────────────────────────
2026-07-09 21:46:02,514 [INFO] No open position
2026-07-09 21:46:02,514 [INFO] No closed trades yet
2026-07-09 21:46:02,514 [INFO] ────────────────────────────────────────────────────────────
2026-07-09 22:26:43,204 [INFO] ============================================================
2026-07-09 22:26:43,204 [INFO] LCID Short Trader — PAPER | 2026-07-09 18:26 ET
2026-07-09 22:26:43,204 [INFO] ============================================================
2026-07-09 22:26:43,204 [INFO] Outside market hours (9:30–16:00 ET weekdays) — nothing to do
2026-07-09 22:26:43,204 [INFO] ────────────────────────────────────────────────────────────
2026-07-09 22:26:43,205 [INFO] No open position
2026-07-09 22:26:43,205 [INFO] No closed trades yet
2026-07-09 22:26:43,205 [INFO] ────────────────────────────────────────────────────────────
2026-07-10 15:32:56,264 [INFO] ============================================================
2026-07-10 15:32:56,264 [INFO] LCID Short Trader — PAPER | 2026-07-10 11:32 ET
2026-07-10 15:32:56,264 [INFO] ============================================================
2026-07-10 15:32:56,264 [INFO] Checking exit...
2026-07-10 15:32:56,264 [INFO] Checking entry signal...
2026-07-10 15:32:56,790 [WARNING] Could not fetch price data, skipping signal check
2026-07-10 15:32:56,790 [INFO]   No signal (need +10%, have +0.00%)
2026-07-10 15:32:56,790 [INFO] ────────────────────────────────────────────────────────────
2026-07-10 15:32:56,790 [INFO] No open position
2026-07-10 15:32:56,790 [INFO] No closed trades yet
2026-07-10 15:32:56,791 [INFO] ────────────────────────────────────────────────────────────
2026-07-10 17:28:01,808 [INFO] ============================================================
2026-07-10 17:28:01,808 [INFO] LCID Short Trader — PAPER | 2026-07-10 13:28 ET
2026-07-10 17:28:01,808 [INFO] ============================================================
2026-07-10 17:28:01,808 [INFO] Checking exit...
2026-07-10 17:28:01,809 [INFO] Checking entry signal...
2026-07-10 17:28:02,200 [WARNING] Could not fetch price data, skipping signal check
2026-07-10 17:28:02,200 [INFO]   No signal (need +10%, have +0.00%)
2026-07-10 17:28:02,200 [INFO] ────────────────────────────────────────────────────────────
2026-07-10 17:28:02,200 [INFO] No open position
2026-07-10 17:28:02,200 [INFO] No closed trades yet
2026-07-10 17:28:02,200 [INFO] ────────────────────────────────────────────────────────────
2026-07-10 19:06:02,035 [INFO] ============================================================
2026-07-10 19:06:02,035 [INFO] LCID Short Trader — PAPER | 2026-07-10 15:06 ET
2026-07-10 19:06:02,035 [INFO] ============================================================
2026-07-10 19:06:02,036 [INFO] Checking exit...
2026-07-10 19:06:02,036 [INFO] Checking entry signal...
2026-07-10 19:06:02,322 [WARNING] Could not fetch price data, skipping signal check
2026-07-10 19:06:02,322 [INFO]   No signal (need +10%, have +0.00%)
2026-07-10 19:06:02,323 [INFO] ────────────────────────────────────────────────────────────
2026-07-10 19:06:02,323 [INFO] No open position
2026-07-10 19:06:02,323 [INFO] No closed trades yet
2026-07-10 19:06:02,323 [INFO] ────────────────────────────────────────────────────────────
2026-07-10 20:43:44,793 [INFO] ============================================================
2026-07-10 20:43:44,794 [INFO] LCID Short Trader — PAPER | 2026-07-10 16:43 ET
2026-07-10 20:43:44,794 [INFO] ============================================================
2026-07-10 20:43:44,794 [INFO] Outside market hours (9:30–16:00 ET weekdays) — nothing to do
2026-07-10 20:43:44,794 [INFO] ────────────────────────────────────────────────────────────
2026-07-10 20:43:44,794 [INFO] No open position
2026-07-10 20:43:44,794 [INFO] No closed trades yet
2026-07-10 20:43:44,794 [INFO] ────────────────────────────────────────────────────────────
2026-07-10 21:44:19,616 [INFO] ============================================================
2026-07-10 21:44:19,616 [INFO] LCID Short Trader — PAPER | 2026-07-10 17:44 ET
2026-07-10 21:44:19,616 [INFO] ============================================================
2026-07-10 21:44:19,616 [INFO] Outside market hours (9:30–16:00 ET weekdays) — nothing to do
2026-07-10 21:44:19,616 [INFO] ────────────────────────────────────────────────────────────
2026-07-10 21:44:19,616 [INFO] No open position
2026-07-10 21:44:19,616 [INFO] No closed trades yet
2026-07-10 21:44:19,616 [INFO] ────────────────────────────────────────────────────────────
2026-07-10 22:01:17,351 [INFO] ============================================================
2026-07-10 22:01:17,351 [INFO] LCID Short Trader — PAPER | 2026-07-10 18:01 ET
2026-07-10 22:01:17,351 [INFO] ============================================================
2026-07-10 22:01:17,351 [INFO] Outside market hours (9:30–16:00 ET weekdays) — nothing to do
2026-07-10 22:01:17,351 [INFO] ────────────────────────────────────────────────────────────
2026-07-10 22:01:17,351 [INFO] No open position
2026-07-10 22:01:17,351 [INFO] No closed trades yet
2026-07-10 22:01:17,351 [INFO] ────────────────────────────────────────────────────────────
2026-07-13 15:43:01,815 [INFO] ============================================================
2026-07-13 15:43:01,816 [INFO] LCID Short Trader — PAPER | 2026-07-13 11:43 ET
2026-07-13 15:43:01,816 [INFO] ============================================================
2026-07-13 15:43:01,816 [INFO] Checking exit...
2026-07-13 15:43:01,816 [INFO] Checking entry signal...
2026-07-13 15:43:02,487 [WARNING] Could not fetch price data, skipping signal check
2026-07-13 15:43:02,487 [INFO]   No signal (need +10%, have +0.00%)
2026-07-13 15:43:02,488 [INFO] ────────────────────────────────────────────────────────────
2026-07-13 15:43:02,488 [INFO] No open position
2026-07-13 15:43:02,488 [INFO] No closed trades yet
2026-07-13 15:43:02,488 [INFO] ────────────────────────────────────────────────────────────
2026-07-13 17:44:07,865 [INFO] ============================================================
2026-07-13 17:44:07,865 [INFO] LCID Short Trader — PAPER | 2026-07-13 13:44 ET
2026-07-13 17:44:07,865 [INFO] ============================================================
2026-07-13 17:44:07,865 [INFO] Checking exit...
2026-07-13 17:44:07,865 [INFO] Checking entry signal...
2026-07-13 17:44:08,527 [WARNING] Could not fetch price data, skipping signal check
2026-07-13 17:44:08,527 [INFO]   No signal (need +10%, have +0.00%)
2026-07-13 17:44:08,528 [INFO] ────────────────────────────────────────────────────────────
2026-07-13 17:44:08,528 [INFO] No open position
2026-07-13 17:44:08,528 [INFO] No closed trades yet
2026-07-13 17:44:08,528 [INFO] ────────────────────────────────────────────────────────────
2026-07-13 19:06:53,391 [INFO] ============================================================
2026-07-13 19:06:53,391 [INFO] LCID Short Trader — PAPER | 2026-07-13 15:06 ET
2026-07-13 19:06:53,391 [INFO] ============================================================
2026-07-13 19:06:53,391 [INFO] Checking exit...
2026-07-13 19:06:53,391 [INFO] Checking entry signal...
2026-07-13 19:06:54,043 [WARNING] Could not fetch price data, skipping signal check
2026-07-13 19:06:54,043 [INFO]   No signal (need +10%, have +0.00%)
2026-07-13 19:06:54,044 [INFO] ────────────────────────────────────────────────────────────
2026-07-13 19:06:54,044 [INFO] No open position
2026-07-13 19:06:54,044 [INFO] No closed trades yet
2026-07-13 19:06:54,044 [INFO] ────────────────────────────────────────────────────────────
2026-07-13 20:35:06,783 [INFO] ============================================================
2026-07-13 20:35:06,783 [INFO] LCID Short Trader — PAPER | 2026-07-13 16:35 ET
2026-07-13 20:35:06,783 [INFO] ============================================================
2026-07-13 20:35:06,783 [INFO] Outside market hours (9:30–16:00 ET weekdays) — nothing to do
2026-07-13 20:35:06,783 [INFO] ────────────────────────────────────────────────────────────
2026-07-13 20:35:06,783 [INFO] No open position
2026-07-13 20:35:06,783 [INFO] No closed trades yet
2026-07-13 20:35:06,783 [INFO] ────────────────────────────────────────────────────────────
2026-07-13 21:36:43,823 [INFO] ============================================================
2026-07-13 21:36:43,823 [INFO] LCID Short Trader — PAPER | 2026-07-13 17:36 ET
2026-07-13 21:36:43,823 [INFO] ============================================================
2026-07-13 21:36:43,823 [INFO] Outside market hours (9:30–16:00 ET weekdays) — nothing to do
2026-07-13 21:36:43,823 [INFO] ────────────────────────────────────────────────────────────
2026-07-13 21:36:43,823 [INFO] No open position
2026-07-13 21:36:43,824 [INFO] No closed trades yet
2026-07-13 21:36:43,824 [INFO] ────────────────────────────────────────────────────────────
2026-07-13 21:55:37,179 [INFO] ============================================================
2026-07-13 21:55:37,179 [INFO] LCID Short Trader — PAPER | 2026-07-13 17:55 ET
2026-07-13 21:55:37,179 [INFO] ============================================================
2026-07-13 21:55:37,179 [INFO] Outside market hours (9:30–16:00 ET weekdays) — nothing to do
2026-07-13 21:55:37,179 [INFO] ────────────────────────────────────────────────────────────
2026-07-13 21:55:37,179 [INFO] No open position
2026-07-13 21:55:37,179 [INFO] No closed trades yet
2026-07-13 21:55:37,179 [INFO] ────────────────────────────────────────────────────────────
2026-07-14 14:53:42,013 [INFO] ============================================================
2026-07-14 14:53:42,013 [INFO] LCID Short Trader — PAPER | 2026-07-14 10:53 ET
2026-07-14 14:53:42,013 [INFO] ============================================================
2026-07-14 14:53:42,014 [INFO] Checking exit...
2026-07-14 14:53:42,014 [INFO] Checking entry signal...
2026-07-14 14:53:42,573 [WARNING] Could not fetch price data, skipping signal check
2026-07-14 14:53:42,573 [INFO]   No signal (need +10%, have +0.00%)
2026-07-14 14:53:42,573 [INFO] ────────────────────────────────────────────────────────────
2026-07-14 14:53:42,573 [INFO] No open position
2026-07-14 14:53:42,573 [INFO] No closed trades yet
2026-07-14 14:53:42,573 [INFO] ────────────────────────────────────────────────────────────
2026-07-14 16:17:10,668 [INFO] ============================================================
2026-07-14 16:17:10,668 [INFO] LCID Short Trader — PAPER | 2026-07-14 12:17 ET
2026-07-14 16:17:10,669 [INFO] ============================================================
2026-07-14 16:17:10,669 [INFO] Checking exit...
2026-07-14 16:17:10,669 [INFO] Checking entry signal...
2026-07-14 16:17:10,977 [WARNING] Could not fetch price data, skipping signal check
2026-07-14 16:17:10,977 [INFO]   No signal (need +10%, have +0.00%)
2026-07-14 16:17:10,977 [INFO] ────────────────────────────────────────────────────────────
2026-07-14 16:17:10,977 [INFO] No open position
2026-07-14 16:17:10,977 [INFO] No closed trades yet
2026-07-14 16:17:10,977 [INFO] ────────────────────────────────────────────────────────────
2026-07-14 17:41:19,878 [INFO] ============================================================
2026-07-14 17:41:19,878 [INFO] LCID Short Trader — PAPER | 2026-07-14 13:41 ET
2026-07-14 17:41:19,878 [INFO] ============================================================
2026-07-14 17:41:19,878 [INFO] Checking exit...
2026-07-14 17:41:19,878 [INFO] Checking entry signal...
2026-07-14 17:41:20,267 [WARNING] Could not fetch price data, skipping signal check
2026-07-14 17:41:20,267 [INFO]   No signal (need +10%, have +0.00%)
2026-07-14 17:41:20,267 [INFO] ────────────────────────────────────────────────────────────
2026-07-14 17:41:20,268 [INFO] No open position
2026-07-14 17:41:20,268 [INFO] No closed trades yet
2026-07-14 17:41:20,268 [INFO] ────────────────────────────────────────────────────────────
2026-07-14 18:49:01,828 [INFO] ============================================================
2026-07-14 18:49:01,828 [INFO] LCID Short Trader — PAPER | 2026-07-14 14:49 ET
2026-07-14 18:49:01,828 [INFO] ============================================================
2026-07-14 18:49:01,828 [INFO] Checking exit...
2026-07-14 18:49:01,828 [INFO] Checking entry signal...
2026-07-14 18:49:02,036 [WARNING] Could not fetch price data, skipping signal check
2026-07-14 18:49:02,037 [INFO]   No signal (need +10%, have +0.00%)
2026-07-14 18:49:02,037 [INFO] ────────────────────────────────────────────────────────────
2026-07-14 18:49:02,037 [INFO] No open position
2026-07-14 18:49:02,037 [INFO] No closed trades yet
2026-07-14 18:49:02,037 [INFO] ────────────────────────────────────────────────────────────
2026-07-14 20:13:43,944 [INFO] ============================================================
2026-07-14 20:13:43,945 [INFO] LCID Short Trader — PAPER | 2026-07-14 16:13 ET
2026-07-14 20:13:43,945 [INFO] ============================================================
2026-07-14 20:13:43,945 [INFO] Outside market hours (9:30–16:00 ET weekdays) — nothing to do
2026-07-14 20:13:43,945 [INFO] ────────────────────────────────────────────────────────────
2026-07-14 20:13:43,945 [INFO] No open position
2026-07-14 20:13:43,945 [INFO] No closed trades yet
2026-07-14 20:13:43,945 [INFO] ────────────────────────────────────────────────────────────
2026-07-14 21:17:30,562 [INFO] ============================================================
2026-07-14 21:17:30,562 [INFO] LCID Short Trader — PAPER | 2026-07-14 17:17 ET
2026-07-14 21:17:30,562 [INFO] ============================================================
2026-07-14 21:17:30,562 [INFO] Outside market hours (9:30–16:00 ET weekdays) — nothing to do
2026-07-14 21:17:30,562 [INFO] ────────────────────────────────────────────────────────────
2026-07-14 21:17:30,562 [INFO] No open position
2026-07-14 21:17:30,562 [INFO] No closed trades yet
2026-07-14 21:17:30,562 [INFO] ────────────────────────────────────────────────────────────
2026-07-14 21:56:40,718 [INFO] ============================================================
2026-07-14 21:56:40,718 [INFO] LCID Short Trader — PAPER | 2026-07-14 17:56 ET
2026-07-14 21:56:40,718 [INFO] ============================================================
2026-07-14 21:56:40,718 [INFO] Outside market hours (9:30–16:00 ET weekdays) — nothing to do
2026-07-14 21:56:40,718 [INFO] ────────────────────────────────────────────────────────────
2026-07-14 21:56:40,718 [INFO] No open position
2026-07-14 21:56:40,718 [INFO] No closed trades yet
2026-07-14 21:56:40,718 [INFO] ────────────────────────────────────────────────────────────
2026-07-15 14:52:50,689 [INFO] ============================================================
2026-07-15 14:52:50,689 [INFO] LCID Short Trader — PAPER | 2026-07-15 10:52 ET
2026-07-15 14:52:50,689 [INFO] ============================================================
2026-07-15 14:52:50,689 [INFO] Checking exit...
2026-07-15 14:52:50,689 [INFO] Checking entry signal...
2026-07-15 14:52:51,051 [WARNING] Could not fetch price data, skipping signal check
2026-07-15 14:52:51,051 [INFO]   No signal (need +10%, have +0.00%)
2026-07-15 14:52:51,051 [INFO] ────────────────────────────────────────────────────────────
2026-07-15 14:52:51,052 [INFO] No open position
2026-07-15 14:52:51,052 [INFO] No closed trades yet
2026-07-15 14:52:51,052 [INFO] ────────────────────────────────────────────────────────────
2026-07-15 16:24:23,807 [INFO] ============================================================
2026-07-15 16:24:23,807 [INFO] LCID Short Trader — PAPER | 2026-07-15 12:24 ET
2026-07-15 16:24:23,807 [INFO] ============================================================
2026-07-15 16:24:23,807 [INFO] Checking exit...
2026-07-15 16:24:23,807 [INFO] Checking entry signal...
2026-07-15 16:24:24,276 [WARNING] Could not fetch price data, skipping signal check
2026-07-15 16:24:24,276 [INFO]   No signal (need +10%, have +0.00%)
2026-07-15 16:24:24,276 [INFO] ────────────────────────────────────────────────────────────
2026-07-15 16:24:24,276 [INFO] No open position
2026-07-15 16:24:24,276 [INFO] No closed trades yet
2026-07-15 16:24:24,276 [INFO] ────────────────────────────────────────────────────────────
2026-07-15 17:48:01,527 [INFO] ============================================================
2026-07-15 17:48:01,527 [INFO] LCID Short Trader — PAPER | 2026-07-15 13:48 ET
2026-07-15 17:48:01,527 [INFO] ============================================================
2026-07-15 17:48:01,527 [INFO] Checking exit...
2026-07-15 17:48:01,527 [INFO] Checking entry signal...
2026-07-15 17:48:01,898 [WARNING] Could not fetch price data, skipping signal check
2026-07-15 17:48:01,898 [INFO]   No signal (need +10%, have +0.00%)
2026-07-15 17:48:01,898 [INFO] ────────────────────────────────────────────────────────────
2026-07-15 17:48:01,898 [INFO] No open position
2026-07-15 17:48:01,898 [INFO] No closed trades yet
2026-07-15 17:48:01,898 [INFO] ────────────────────────────────────────────────────────────
2026-07-15 19:14:34,017 [INFO] ============================================================
2026-07-15 19:14:34,017 [INFO] LCID Short Trader — PAPER | 2026-07-15 15:14 ET
2026-07-15 19:14:34,017 [INFO] ============================================================
2026-07-15 19:14:34,017 [INFO] Checking exit...
2026-07-15 19:14:34,017 [INFO] Checking entry signal...
2026-07-15 19:14:34,664 [WARNING] Could not fetch price data, skipping signal check
2026-07-15 19:14:34,664 [INFO]   No signal (need +10%, have +0.00%)
2026-07-15 19:14:34,664 [INFO] ────────────────────────────────────────────────────────────
2026-07-15 19:14:34,664 [INFO] No open position
2026-07-15 19:14:34,664 [INFO] No closed trades yet
2026-07-15 19:14:34,664 [INFO] ────────────────────────────────────────────────────────────
2026-07-15 20:28:52,375 [INFO] ============================================================
2026-07-15 20:28:52,375 [INFO] LCID Short Trader — PAPER | 2026-07-15 16:28 ET
2026-07-15 20:28:52,375 [INFO] ============================================================
2026-07-15 20:28:52,375 [INFO] Outside market hours (9:30–16:00 ET weekdays) — nothing to do
2026-07-15 20:28:52,375 [INFO] ────────────────────────────────────────────────────────────
2026-07-15 20:28:52,375 [INFO] No open position
2026-07-15 20:28:52,375 [INFO] No closed trades yet
2026-07-15 20:28:52,375 [INFO] ────────────────────────────────────────────────────────────
2026-07-15 21:32:02,884 [INFO] ============================================================
2026-07-15 21:32:02,884 [INFO] LCID Short Trader — PAPER | 2026-07-15 17:32 ET
2026-07-15 21:32:02,884 [INFO] ============================================================
2026-07-15 21:32:02,884 [INFO] Outside market hours (9:30–16:00 ET weekdays) — nothing to do
2026-07-15 21:32:02,885 [INFO] ────────────────────────────────────────────────────────────
2026-07-15 21:32:02,885 [INFO] No open position
2026-07-15 21:32:02,885 [INFO] No closed trades yet
2026-07-15 21:32:02,885 [INFO] ────────────────────────────────────────────────────────────
2026-07-15 21:59:31,987 [INFO] ============================================================
2026-07-15 21:59:31,987 [INFO] LCID Short Trader — PAPER | 2026-07-15 17:59 ET
2026-07-15 21:59:31,987 [INFO] ============================================================
2026-07-15 21:59:31,987 [INFO] Outside market hours (9:30–16:00 ET weekdays) — nothing to do
2026-07-15 21:59:31,987 [INFO] ────────────────────────────────────────────────────────────
2026-07-15 21:59:31,987 [INFO] No open position
2026-07-15 21:59:31,987 [INFO] No closed trades yet
2026-07-15 21:59:31,987 [INFO] ────────────────────────────────────────────────────────────
2026-07-16 15:03:43,021 [INFO] ============================================================
2026-07-16 15:03:43,021 [INFO] LCID Short Trader — PAPER | 2026-07-16 11:03 ET
2026-07-16 15:03:43,021 [INFO] ============================================================
2026-07-16 15:03:43,021 [INFO] Checking exit...
2026-07-16 15:03:43,021 [INFO] Checking entry signal...
2026-07-16 15:03:43,632 [WARNING] Could not fetch price data, skipping signal check
2026-07-16 15:03:43,632 [INFO]   No signal (need +10%, have +0.00%)
2026-07-16 15:03:43,632 [INFO] ────────────────────────────────────────────────────────────
2026-07-16 15:03:43,632 [INFO] No open position
2026-07-16 15:03:43,632 [INFO] No closed trades yet
2026-07-16 15:03:43,632 [INFO] ────────────────────────────────────────────────────────────
2026-07-16 16:42:23,993 [INFO] ============================================================
2026-07-16 16:42:23,994 [INFO] LCID Short Trader — PAPER | 2026-07-16 12:42 ET
2026-07-16 16:42:23,994 [INFO] ============================================================
2026-07-16 16:42:23,994 [INFO] Checking exit...
2026-07-16 16:42:23,994 [INFO] Checking entry signal...
2026-07-16 16:42:24,492 [WARNING] Could not fetch price data, skipping signal check
2026-07-16 16:42:24,492 [INFO]   No signal (need +10%, have +0.00%)
2026-07-16 16:42:24,492 [INFO] ────────────────────────────────────────────────────────────
2026-07-16 16:42:24,492 [INFO] No open position
2026-07-16 16:42:24,492 [INFO] No closed trades yet
2026-07-16 16:42:24,492 [INFO] ────────────────────────────────────────────────────────────
2026-07-16 17:54:15,090 [INFO] ============================================================
2026-07-16 17:54:15,090 [INFO] LCID Short Trader — PAPER | 2026-07-16 13:54 ET
2026-07-16 17:54:15,090 [INFO] ============================================================
2026-07-16 17:54:15,090 [INFO] Checking exit...
2026-07-16 17:54:15,091 [INFO] Checking entry signal...
2026-07-16 17:54:16,909 [WARNING] Could not fetch price data, skipping signal check
2026-07-16 17:54:16,909 [INFO]   No signal (need +10%, have +0.00%)
2026-07-16 17:54:16,910 [INFO] ────────────────────────────────────────────────────────────
2026-07-16 17:54:16,910 [INFO] No open position
2026-07-16 17:54:16,910 [INFO] No closed trades yet
2026-07-16 17:54:16,910 [INFO] ────────────────────────────────────────────────────────────
2026-07-16 19:14:02,713 [INFO] ============================================================
2026-07-16 19:14:02,713 [INFO] LCID Short Trader — PAPER | 2026-07-16 15:14 ET
2026-07-16 19:14:02,713 [INFO] ============================================================
2026-07-16 19:14:02,713 [INFO] Checking exit...
2026-07-16 19:14:02,713 [INFO] Checking entry signal...
2026-07-16 19:14:03,042 [WARNING] Could not fetch price data, skipping signal check
2026-07-16 19:14:03,042 [INFO]   No signal (need +10%, have +0.00%)
2026-07-16 19:14:03,042 [INFO] ────────────────────────────────────────────────────────────
2026-07-16 19:14:03,043 [INFO] No open position
2026-07-16 19:14:03,043 [INFO] No closed trades yet
2026-07-16 19:14:03,043 [INFO] ────────────────────────────────────────────────────────────
2026-07-16 20:14:08,530 [INFO] ============================================================
2026-07-16 20:14:08,530 [INFO] LCID Short Trader — PAPER | 2026-07-16 16:14 ET
2026-07-16 20:14:08,530 [INFO] ============================================================
2026-07-16 20:14:08,530 [INFO] Outside market hours (9:30–16:00 ET weekdays) — nothing to do
2026-07-16 20:14:08,531 [INFO] ────────────────────────────────────────────────────────────
2026-07-16 20:14:08,531 [INFO] No open position
2026-07-16 20:14:08,531 [INFO] No closed trades yet
2026-07-16 20:14:08,531 [INFO] ────────────────────────────────────────────────────────────
2026-07-16 21:27:25,165 [INFO] ============================================================
2026-07-16 21:27:25,166 [INFO] LCID Short Trader — PAPER | 2026-07-16 17:27 ET
2026-07-16 21:27:25,166 [INFO] ============================================================
2026-07-16 21:27:25,166 [INFO] Outside market hours (9:30–16:00 ET weekdays) — nothing to do
2026-07-16 21:27:25,166 [INFO] ────────────────────────────────────────────────────────────
2026-07-16 21:27:25,166 [INFO] No open position
2026-07-16 21:27:25,166 [INFO] No closed trades yet
2026-07-16 21:27:25,166 [INFO] ────────────────────────────────────────────────────────────
2026-07-16 22:03:07,907 [INFO] ============================================================
2026-07-16 22:03:07,907 [INFO] LCID Short Trader — PAPER | 2026-07-16 18:03 ET
2026-07-16 22:03:07,907 [INFO] ============================================================
2026-07-16 22:03:07,907 [INFO] Outside market hours (9:30–16:00 ET weekdays) — nothing to do
2026-07-16 22:03:07,907 [INFO] ────────────────────────────────────────────────────────────
2026-07-16 22:03:07,907 [INFO] No open position
2026-07-16 22:03:07,907 [INFO] No closed trades yet
2026-07-16 22:03:07,907 [INFO] ────────────────────────────────────────────────────────────
2026-07-17 14:45:01,385 [INFO] ============================================================
2026-07-17 14:45:01,385 [INFO] LCID Short Trader — PAPER | 2026-07-17 10:45 ET
2026-07-17 14:45:01,385 [INFO] ============================================================
2026-07-17 14:45:01,385 [INFO] Checking exit...
2026-07-17 14:45:01,385 [INFO] Checking entry signal...
2026-07-17 14:45:02,170 [WARNING] Could not fetch price data, skipping signal check
2026-07-17 14:45:02,170 [INFO]   No signal (need +10%, have +0.00%)
2026-07-17 14:45:02,171 [INFO] ────────────────────────────────────────────────────────────
2026-07-17 14:45:02,171 [INFO] No open position
2026-07-17 14:45:02,171 [INFO] No closed trades yet
2026-07-17 14:45:02,171 [INFO] ────────────────────────────────────────────────────────────
2026-07-17 16:03:46,702 [INFO] ============================================================
2026-07-17 16:03:46,702 [INFO] LCID Short Trader — PAPER | 2026-07-17 12:03 ET
2026-07-17 16:03:46,702 [INFO] ============================================================
2026-07-17 16:03:46,703 [INFO] Checking exit...
2026-07-17 16:03:46,703 [INFO] Checking entry signal...
2026-07-17 16:03:46,938 [WARNING] Could not fetch price data, skipping signal check
2026-07-17 16:03:46,939 [INFO]   No signal (need +10%, have +0.00%)
2026-07-17 16:03:46,939 [INFO] ────────────────────────────────────────────────────────────
2026-07-17 16:03:46,939 [INFO] No open position
2026-07-17 16:03:46,939 [INFO] No closed trades yet
2026-07-17 16:03:46,939 [INFO] ────────────────────────────────────────────────────────────
2026-07-17 17:31:56,143 [INFO] ============================================================
2026-07-17 17:31:56,143 [INFO] LCID Short Trader — PAPER | 2026-07-17 13:31 ET
2026-07-17 17:31:56,143 [INFO] ============================================================
2026-07-17 17:31:56,143 [INFO] Checking exit...
2026-07-17 17:31:56,143 [INFO] Checking entry signal...
2026-07-17 17:31:56,553 [WARNING] Could not fetch price data, skipping signal check
2026-07-17 17:31:56,553 [INFO]   No signal (need +10%, have +0.00%)
2026-07-17 17:31:56,553 [INFO] ────────────────────────────────────────────────────────────
2026-07-17 17:31:56,553 [INFO] No open position
2026-07-17 17:31:56,553 [INFO] No closed trades yet
2026-07-17 17:31:56,553 [INFO] ────────────────────────────────────────────────────────────
2026-07-17 18:41:34,746 [INFO] ============================================================
2026-07-17 18:41:34,746 [INFO] LCID Short Trader — PAPER | 2026-07-17 14:41 ET
2026-07-17 18:41:34,746 [INFO] ============================================================
2026-07-17 18:41:34,746 [INFO] Checking exit...
2026-07-17 18:41:34,746 [INFO] Checking entry signal...
2026-07-17 18:41:35,457 [WARNING] Could not fetch price data, skipping signal check
2026-07-17 18:41:35,457 [INFO]   No signal (need +10%, have +0.00%)
2026-07-17 18:41:35,458 [INFO] ────────────────────────────────────────────────────────────
2026-07-17 18:41:35,458 [INFO] No open position
2026-07-17 18:41:35,458 [INFO] No closed trades yet
2026-07-17 18:41:35,458 [INFO] ────────────────────────────────────────────────────────────
2026-07-17 19:48:42,042 [INFO] ============================================================
2026-07-17 19:48:42,042 [INFO] LCID Short Trader — PAPER | 2026-07-17 15:48 ET
2026-07-17 19:48:42,042 [INFO] ============================================================
2026-07-17 19:48:42,042 [INFO] Checking exit...
2026-07-17 19:48:42,042 [INFO] Checking entry signal...
2026-07-17 19:48:42,340 [WARNING] Could not fetch price data, skipping signal check
2026-07-17 19:48:42,340 [INFO]   No signal (need +10%, have +0.00%)
2026-07-17 19:48:42,340 [INFO] ────────────────────────────────────────────────────────────
2026-07-17 19:48:42,340 [INFO] No open position
2026-07-17 19:48:42,340 [INFO] No closed trades yet
2026-07-17 19:48:42,340 [INFO] ────────────────────────────────────────────────────────────
2026-07-17 20:57:42,614 [INFO] ============================================================
2026-07-17 20:57:42,614 [INFO] LCID Short Trader — PAPER | 2026-07-17 16:57 ET
2026-07-17 20:57:42,614 [INFO] ============================================================
2026-07-17 20:57:42,615 [INFO] Outside market hours (9:30–16:00 ET weekdays) — nothing to do
2026-07-17 20:57:42,615 [INFO] ────────────────────────────────────────────────────────────
2026-07-17 20:57:42,615 [INFO] No open position
2026-07-17 20:57:42,615 [INFO] No closed trades yet
2026-07-17 20:57:42,615 [INFO] ────────────────────────────────────────────────────────────
2026-07-17 21:52:52,478 [INFO] ============================================================
2026-07-17 21:52:52,478 [INFO] LCID Short Trader — PAPER | 2026-07-17 17:52 ET
2026-07-17 21:52:52,478 [INFO] ============================================================
2026-07-17 21:52:52,478 [INFO] Outside market hours (9:30–16:00 ET weekdays) — nothing to do
2026-07-17 21:52:52,478 [INFO] ────────────────────────────────────────────────────────────
2026-07-17 21:52:52,478 [INFO] No open position
2026-07-17 21:52:52,478 [INFO] No closed trades yet
2026-07-17 21:52:52,478 [INFO] ────────────────────────────────────────────────────────────
2026-07-20 15:12:53,508 [INFO] ============================================================
2026-07-20 15:12:53,508 [INFO] LCID Short Trader — PAPER | 2026-07-20 11:12 ET
2026-07-20 15:12:53,508 [INFO] ============================================================
2026-07-20 15:12:53,508 [INFO] Checking exit...
2026-07-20 15:12:53,508 [INFO] Checking entry signal...
2026-07-20 15:12:53,901 [WARNING] Could not fetch price data, skipping signal check
2026-07-20 15:12:53,901 [INFO]   No signal (need +10%, have +0.00%)
2026-07-20 15:12:53,901 [INFO] ────────────────────────────────────────────────────────────
2026-07-20 15:12:53,901 [INFO] No open position
2026-07-20 15:12:53,901 [INFO] No closed trades yet
2026-07-20 15:12:53,901 [INFO] ────────────────────────────────────────────────────────────
2026-07-20 16:45:20,114 [INFO] ============================================================
2026-07-20 16:45:20,114 [INFO] LCID Short Trader — PAPER | 2026-07-20 12:45 ET
2026-07-20 16:45:20,114 [INFO] ============================================================
2026-07-20 16:45:20,114 [INFO] Checking exit...
2026-07-20 16:45:20,114 [INFO] Checking entry signal...
2026-07-20 16:45:20,528 [WARNING] Could not fetch price data, skipping signal check
2026-07-20 16:45:20,528 [INFO]   No signal (need +10%, have +0.00%)
2026-07-20 16:45:20,528 [INFO] ────────────────────────────────────────────────────────────
2026-07-20 16:45:20,528 [INFO] No open position
2026-07-20 16:45:20,528 [INFO] No closed trades yet
2026-07-20 16:45:20,529 [INFO] ────────────────────────────────────────────────────────────
2026-07-20 18:45:15,987 [INFO] ============================================================
2026-07-20 18:45:15,987 [INFO] LCID Short Trader — PAPER | 2026-07-20 14:45 ET
2026-07-20 18:45:15,987 [INFO] ============================================================
2026-07-20 18:45:15,987 [INFO] Checking exit...
2026-07-20 18:45:15,987 [INFO] Checking entry signal...
2026-07-20 18:45:20,456 [WARNING] Could not fetch price data, skipping signal check
2026-07-20 18:45:20,456 [INFO]   No signal (need +10%, have +0.00%)
2026-07-20 18:45:20,457 [INFO] ────────────────────────────────────────────────────────────
2026-07-20 18:45:20,457 [INFO] No open position
2026-07-20 18:45:20,457 [INFO] No closed trades yet
2026-07-20 18:45:20,457 [INFO] ────────────────────────────────────────────────────────────
2026-07-20 20:13:43,387 [INFO] ============================================================
2026-07-20 20:13:43,388 [INFO] LCID Short Trader — PAPER | 2026-07-20 16:13 ET
2026-07-20 20:13:43,388 [INFO] ============================================================
2026-07-20 20:13:43,388 [INFO] Outside market hours (9:30–16:00 ET weekdays) — nothing to do
2026-07-20 20:13:43,388 [INFO] ────────────────────────────────────────────────────────────
2026-07-20 20:13:43,388 [INFO] No open position
2026-07-20 20:13:43,388 [INFO] No closed trades yet
2026-07-20 20:13:43,388 [INFO] ────────────────────────────────────────────────────────────
2026-07-20 21:35:13,371 [INFO] ============================================================
2026-07-20 21:35:13,371 [INFO] LCID Short Trader — PAPER | 2026-07-20 17:35 ET
2026-07-20 21:35:13,372 [INFO] ============================================================
2026-07-20 21:35:13,372 [INFO] Outside market hours (9:30–16:00 ET weekdays) — nothing to do
2026-07-20 21:35:13,372 [INFO] ────────────────────────────────────────────────────────────
2026-07-20 21:35:13,372 [INFO] No open position
2026-07-20 21:35:13,372 [INFO] No closed trades yet
2026-07-20 21:35:13,372 [INFO] ────────────────────────────────────────────────────────────
2026-07-20 21:58:43,247 [INFO] ============================================================
2026-07-20 21:58:43,247 [INFO] LCID Short Trader — PAPER | 2026-07-20 17:58 ET
2026-07-20 21:58:43,247 [INFO] ============================================================
2026-07-20 21:58:43,248 [INFO] Outside market hours (9:30–16:00 ET weekdays) — nothing to do
2026-07-20 21:58:43,248 [INFO] ────────────────────────────────────────────────────────────
2026-07-20 21:58:43,248 [INFO] No open position
2026-07-20 21:58:43,248 [INFO] No closed trades yet
2026-07-20 21:58:43,248 [INFO] ────────────────────────────────────────────────────────────
2026-07-21 15:05:17,468 [INFO] ============================================================
2026-07-21 15:05:17,468 [INFO] LCID Short Trader — PAPER | 2026-07-21 11:05 ET
2026-07-21 15:05:17,468 [INFO] ============================================================
2026-07-21 15:05:17,468 [INFO] Checking exit...
2026-07-21 15:05:17,468 [INFO] Checking entry signal...
2026-07-21 15:05:17,678 [WARNING] Could not fetch price data, skipping signal check
2026-07-21 15:05:17,678 [INFO]   No signal (need +10%, have +0.00%)
2026-07-21 15:05:17,678 [INFO] ────────────────────────────────────────────────────────────
2026-07-21 15:05:17,678 [INFO] No open position
2026-07-21 15:05:17,678 [INFO] No closed trades yet
2026-07-21 15:05:17,678 [INFO] ────────────────────────────────────────────────────────────
2026-07-21 16:42:29,439 [INFO] ============================================================
2026-07-21 16:42:29,440 [INFO] LCID Short Trader — PAPER | 2026-07-21 12:42 ET
2026-07-21 16:42:29,440 [INFO] ============================================================
2026-07-21 16:42:29,440 [INFO] Checking exit...
2026-07-21 16:42:29,440 [INFO] Checking entry signal...
2026-07-21 16:42:30,050 [WARNING] Could not fetch price data, skipping signal check
2026-07-21 16:42:30,050 [INFO]   No signal (need +10%, have +0.00%)
2026-07-21 16:42:30,050 [INFO] ────────────────────────────────────────────────────────────
2026-07-21 16:42:30,050 [INFO] No open position
2026-07-21 16:42:30,050 [INFO] No closed trades yet
2026-07-21 16:42:30,050 [INFO] ────────────────────────────────────────────────────────────
2026-07-21 18:01:14,022 [INFO] ============================================================
2026-07-21 18:01:14,022 [INFO] LCID Short Trader — PAPER | 2026-07-21 14:01 ET
2026-07-21 18:01:14,022 [INFO] ============================================================
2026-07-21 18:01:14,022 [INFO] Checking exit...
2026-07-21 18:01:14,022 [INFO] Checking entry signal...
2026-07-21 18:01:14,513 [WARNING] Could not fetch price data, skipping signal check
2026-07-21 18:01:14,513 [INFO]   No signal (need +10%, have +0.00%)
2026-07-21 18:01:14,513 [INFO] ────────────────────────────────────────────────────────────
2026-07-21 18:01:14,513 [INFO] No open position
2026-07-21 18:01:14,513 [INFO] No closed trades yet
2026-07-21 18:01:14,513 [INFO] ────────────────────────────────────────────────────────────
2026-07-21 19:51:33,586 [INFO] ============================================================
2026-07-21 19:51:33,586 [INFO] LCID Short Trader — PAPER | 2026-07-21 15:51 ET
2026-07-21 19:51:33,586 [INFO] ============================================================
2026-07-21 19:51:33,586 [INFO] Checking exit...
2026-07-21 19:51:33,586 [INFO] Checking entry signal...
2026-07-21 19:51:33,995 [WARNING] Could not fetch price data, skipping signal check
2026-07-21 19:51:33,995 [INFO]   No signal (need +10%, have +0.00%)
2026-07-21 19:51:33,996 [INFO] ────────────────────────────────────────────────────────────
2026-07-21 19:51:33,996 [INFO] No open position
2026-07-21 19:51:33,996 [INFO] No closed trades yet
2026-07-21 19:51:33,996 [INFO] ────────────────────────────────────────────────────────────
2026-07-21 21:12:04,737 [INFO] ============================================================
2026-07-21 21:12:04,737 [INFO] LCID Short Trader — PAPER | 2026-07-21 17:12 ET
2026-07-21 21:12:04,737 [INFO] ============================================================
2026-07-21 21:12:04,737 [INFO] Outside market hours (9:30–16:00 ET weekdays) — nothing to do
2026-07-21 21:12:04,737 [INFO] ────────────────────────────────────────────────────────────
2026-07-21 21:12:04,737 [INFO] No open position
2026-07-21 21:12:04,737 [INFO] No closed trades yet
2026-07-21 21:12:04,738 [INFO] ────────────────────────────────────────────────────────────
2026-07-21 22:02:46,308 [INFO] ============================================================
2026-07-21 22:02:46,308 [INFO] LCID Short Trader — PAPER | 2026-07-21 18:02 ET
2026-07-21 22:02:46,308 [INFO] ============================================================
2026-07-21 22:02:46,308 [INFO] Outside market hours (9:30–16:00 ET weekdays) — nothing to do
2026-07-21 22:02:46,309 [INFO] ────────────────────────────────────────────────────────────
2026-07-21 22:02:46,309 [INFO] No open position
2026-07-21 22:02:46,309 [INFO] No closed trades yet
2026-07-21 22:02:46,309 [INFO] ────────────────────────────────────────────────────────────
2026-07-22 15:05:32,943 [INFO] ============================================================
2026-07-22 15:05:32,943 [INFO] LCID Short Trader — PAPER | 2026-07-22 11:05 ET
2026-07-22 15:05:32,943 [INFO] ============================================================
2026-07-22 15:05:32,944 [INFO] Checking exit...
2026-07-22 15:05:32,944 [INFO] Checking entry signal...
2026-07-22 15:05:33,609 [WARNING] Could not fetch price data, skipping signal check
2026-07-22 15:05:33,609 [INFO]   No signal (need +10%, have +0.00%)
2026-07-22 15:05:33,609 [INFO] ────────────────────────────────────────────────────────────
2026-07-22 15:05:33,609 [INFO] No open position
2026-07-22 15:05:33,609 [INFO] No closed trades yet
2026-07-22 15:05:33,609 [INFO] ────────────────────────────────────────────────────────────
2026-07-22 16:46:51,020 [INFO] ============================================================
2026-07-22 16:46:51,021 [INFO] LCID Short Trader — PAPER | 2026-07-22 12:46 ET
2026-07-22 16:46:51,021 [INFO] ============================================================
2026-07-22 16:46:51,021 [INFO] Checking exit...
2026-07-22 16:46:51,021 [INFO] Checking entry signal...
2026-07-22 16:46:51,329 [WARNING] Could not fetch price data, skipping signal check
2026-07-22 16:46:51,329 [INFO]   No signal (need +10%, have +0.00%)
2026-07-22 16:46:51,329 [INFO] ────────────────────────────────────────────────────────────
2026-07-22 16:46:51,329 [INFO] No open position
2026-07-22 16:46:51,329 [INFO] No closed trades yet
2026-07-22 16:46:51,329 [INFO] ────────────────────────────────────────────────────────────
2026-07-22 18:08:44,713 [INFO] ============================================================
2026-07-22 18:08:44,713 [INFO] LCID Short Trader — PAPER | 2026-07-22 14:08 ET
2026-07-22 18:08:44,714 [INFO] ============================================================
2026-07-22 18:08:44,714 [INFO] Checking exit...
2026-07-22 18:08:44,714 [INFO] Checking entry signal...
2026-07-22 18:08:45,355 [WARNING] Could not fetch price data, skipping signal check
2026-07-22 18:08:45,355 [INFO]   No signal (need +10%, have +0.00%)
2026-07-22 18:08:45,355 [INFO] ────────────────────────────────────────────────────────────
2026-07-22 18:08:45,355 [INFO] No open position
2026-07-22 18:08:45,356 [INFO] No closed trades yet
2026-07-22 18:08:45,356 [INFO] ────────────────────────────────────────────────────────────
2026-07-22 19:44:06,841 [INFO] ============================================================
2026-07-22 19:44:06,841 [INFO] LCID Short Trader — PAPER | 2026-07-22 15:44 ET
2026-07-22 19:44:06,841 [INFO] ============================================================
2026-07-22 19:44:06,841 [INFO] Checking exit...
2026-07-22 19:44:06,842 [INFO] Checking entry signal...
2026-07-22 19:44:07,281 [WARNING] Could not fetch price data, skipping signal check
2026-07-22 19:44:07,281 [INFO]   No signal (need +10%, have +0.00%)
2026-07-22 19:44:07,282 [INFO] ────────────────────────────────────────────────────────────
2026-07-22 19:44:07,282 [INFO] No open position
2026-07-22 19:44:07,282 [INFO] No closed trades yet
2026-07-22 19:44:07,282 [INFO] ────────────────────────────────────────────────────────────
2026-07-22 20:48:04,702 [INFO] ============================================================
2026-07-22 20:48:04,702 [INFO] LCID Short Trader — PAPER | 2026-07-22 16:48 ET
2026-07-22 20:48:04,702 [INFO] ============================================================
2026-07-22 20:48:04,703 [INFO] Outside market hours (9:30–16:00 ET weekdays) — nothing to do
2026-07-22 20:48:04,703 [INFO] ────────────────────────────────────────────────────────────
2026-07-22 20:48:04,703 [INFO] No open position
2026-07-22 20:48:04,703 [INFO] No closed trades yet
2026-07-22 20:48:04,703 [INFO] ────────────────────────────────────────────────────────────
2026-07-22 22:02:59,905 [INFO] ============================================================
2026-07-22 22:02:59,905 [INFO] LCID Short Trader — PAPER | 2026-07-22 18:02 ET
2026-07-22 22:02:59,905 [INFO] ============================================================
2026-07-22 22:02:59,905 [INFO] Outside market hours (9:30–16:00 ET weekdays) — nothing to do
2026-07-22 22:02:59,905 [INFO] ────────────────────────────────────────────────────────────
2026-07-22 22:02:59,906 [INFO] No open position
2026-07-22 22:02:59,906 [INFO] No closed trades yet
2026-07-22 22:02:59,906 [INFO] ────────────────────────────────────────────────────────────
2026-07-23 15:10:27,855 [INFO] ============================================================
2026-07-23 15:10:27,855 [INFO] LCID Short Trader — PAPER | 2026-07-23 11:10 ET
2026-07-23 15:10:27,855 [INFO] ============================================================
2026-07-23 15:10:27,855 [INFO] Checking exit...
2026-07-23 15:10:27,855 [INFO] Checking entry signal...
2026-07-23 15:10:28,631 [WARNING] Could not fetch price data, skipping signal check
2026-07-23 15:10:28,631 [INFO]   No signal (need +10%, have +0.00%)
2026-07-23 15:10:28,632 [INFO] ────────────────────────────────────────────────────────────
2026-07-23 15:10:28,632 [INFO] No open position
2026-07-23 15:10:28,632 [INFO] No closed trades yet
2026-07-23 15:10:28,632 [INFO] ────────────────────────────────────────────────────────────
2026-07-23 16:47:01,190 [INFO] ============================================================
2026-07-23 16:47:01,190 [INFO] LCID Short Trader — PAPER | 2026-07-23 12:47 ET
2026-07-23 16:47:01,190 [INFO] ============================================================
2026-07-23 16:47:01,190 [INFO] Checking exit...
2026-07-23 16:47:01,190 [INFO] Checking entry signal...
2026-07-23 16:47:01,989 [WARNING] Could not fetch price data, skipping signal check
2026-07-23 16:47:01,989 [INFO]   No signal (need +10%, have +0.00%)
2026-07-23 16:47:02,001 [INFO] ────────────────────────────────────────────────────────────
2026-07-23 16:47:02,001 [INFO] No open position
2026-07-23 16:47:02,001 [INFO] No closed trades yet
2026-07-23 16:47:02,001 [INFO] ────────────────────────────────────────────────────────────
2026-07-23 18:14:16,316 [INFO] ============================================================
2026-07-23 18:14:16,316 [INFO] LCID Short Trader — PAPER | 2026-07-23 14:14 ET
2026-07-23 18:14:16,316 [INFO] ============================================================
2026-07-23 18:14:16,316 [INFO] Checking exit...
2026-07-23 18:14:16,316 [INFO] Checking entry signal...
2026-07-23 18:14:16,684 [WARNING] Could not fetch price data, skipping signal check
2026-07-23 18:14:16,684 [INFO]   No signal (need +10%, have +0.00%)
2026-07-23 18:14:16,684 [INFO] ────────────────────────────────────────────────────────────
2026-07-23 18:14:16,684 [INFO] No open position
2026-07-23 18:14:16,684 [INFO] No closed trades yet
2026-07-23 18:14:16,685 [INFO] ────────────────────────────────────────────────────────────
2026-07-23 19:49:08,501 [INFO] ============================================================
2026-07-23 19:49:08,501 [INFO] LCID Short Trader — PAPER | 2026-07-23 15:49 ET
2026-07-23 19:49:08,501 [INFO] ============================================================
2026-07-23 19:49:08,501 [INFO] Checking exit...
2026-07-23 19:49:08,501 [INFO] Checking entry signal...
2026-07-23 19:49:08,840 [WARNING] Could not fetch price data, skipping signal check
2026-07-23 19:49:08,840 [INFO]   No signal (need +10%, have +0.00%)
2026-07-23 19:49:08,840 [INFO] ────────────────────────────────────────────────────────────
2026-07-23 19:49:08,840 [INFO] No open position
2026-07-23 19:49:08,840 [INFO] No closed trades yet
2026-07-23 19:49:08,840 [INFO] ────────────────────────────────────────────────────────────
2026-07-23 21:06:25,363 [INFO] ============================================================
2026-07-23 21:06:25,363 [INFO] LCID Short Trader — PAPER | 2026-07-23 17:06 ET
2026-07-23 21:06:25,363 [INFO] ============================================================
2026-07-23 21:06:25,363 [INFO] Outside market hours (9:30–16:00 ET weekdays) — nothing to do
2026-07-23 21:06:25,363 [INFO] ────────────────────────────────────────────────────────────
2026-07-23 21:06:25,363 [INFO] No open position
2026-07-23 21:06:25,363 [INFO] No closed trades yet
2026-07-23 21:06:25,363 [INFO] ────────────────────────────────────────────────────────────
2026-07-23 22:03:17,357 [INFO] ============================================================
2026-07-23 22:03:17,357 [INFO] LCID Short Trader — PAPER | 2026-07-23 18:03 ET
2026-07-23 22:03:17,357 [INFO] ============================================================
2026-07-23 22:03:17,357 [INFO] Outside market hours (9:30–16:00 ET weekdays) — nothing to do
2026-07-23 22:03:17,357 [INFO] ────────────────────────────────────────────────────────────
2026-07-23 22:03:17,357 [INFO] No open position
2026-07-23 22:03:17,357 [INFO] No closed trades yet
2026-07-23 22:03:17,357 [INFO] ────────────────────────────────────────────────────────────
2026-07-24 14:56:51,925 [INFO] ============================================================
2026-07-24 14:56:51,925 [INFO] LCID Short Trader — PAPER | 2026-07-24 10:56 ET
2026-07-24 14:56:51,925 [INFO] ============================================================
2026-07-24 14:56:51,925 [INFO] Checking exit...
2026-07-24 14:56:51,925 [INFO] Checking entry signal...
2026-07-24 14:56:52,194 [WARNING] Could not fetch price data, skipping signal check
2026-07-24 14:56:52,195 [INFO]   No signal (need +10%, have +0.00%)
2026-07-24 14:56:52,195 [INFO] ────────────────────────────────────────────────────────────
2026-07-24 14:56:52,195 [INFO] No open position
2026-07-24 14:56:52,195 [INFO] No closed trades yet
2026-07-24 14:56:52,195 [INFO] ────────────────────────────────────────────────────────────
2026-07-24 16:46:38,397 [INFO] ============================================================
2026-07-24 16:46:38,397 [INFO] LCID Short Trader — PAPER | 2026-07-24 12:46 ET
2026-07-24 16:46:38,398 [INFO] ============================================================
2026-07-24 16:46:38,398 [INFO] Checking exit...
2026-07-24 16:46:38,398 [INFO] Checking entry signal...
2026-07-24 16:46:38,727 [WARNING] Could not fetch price data, skipping signal check
2026-07-24 16:46:38,727 [INFO]   No signal (need +10%, have +0.00%)
2026-07-24 16:46:38,727 [INFO] ────────────────────────────────────────────────────────────
2026-07-24 16:46:38,727 [INFO] No open position
2026-07-24 16:46:38,727 [INFO] No closed trades yet
2026-07-24 16:46:38,728 [INFO] ────────────────────────────────────────────────────────────
2026-07-24 18:19:21,320 [INFO] ============================================================
2026-07-24 18:19:21,320 [INFO] LCID Short Trader — PAPER | 2026-07-24 14:19 ET
2026-07-24 18:19:21,320 [INFO] ============================================================
2026-07-24 18:19:21,321 [INFO] Checking exit...
2026-07-24 18:19:21,321 [INFO] Checking entry signal...
2026-07-24 18:19:22,073 [WARNING] Could not fetch price data, skipping signal check
2026-07-24 18:19:22,073 [INFO]   No signal (need +10%, have +0.00%)
2026-07-24 18:19:22,073 [INFO] ────────────────────────────────────────────────────────────
2026-07-24 18:19:22,073 [INFO] No open position
2026-07-24 18:19:22,073 [INFO] No closed trades yet
2026-07-24 18:19:22,073 [INFO] ────────────────────────────────────────────────────────────
2026-07-24 19:55:40,869 [INFO] ============================================================
2026-07-24 19:55:40,869 [INFO] LCID Short Trader — PAPER | 2026-07-24 15:55 ET
2026-07-24 19:55:40,869 [INFO] ============================================================
2026-07-24 19:55:40,869 [INFO] Checking exit...
2026-07-24 19:55:40,869 [INFO] Checking entry signal...
2026-07-24 19:55:41,356 [WARNING] Could not fetch price data, skipping signal check
2026-07-24 19:55:41,356 [INFO]   No signal (need +10%, have +0.00%)
2026-07-24 19:55:41,356 [INFO] ────────────────────────────────────────────────────────────
2026-07-24 19:55:41,356 [INFO] No open position
2026-07-24 19:55:41,356 [INFO] No closed trades yet
2026-07-24 19:55:41,356 [INFO] ────────────────────────────────────────────────────────────
2026-07-24 21:06:14,086 [INFO] ============================================================
2026-07-24 21:06:14,086 [INFO] LCID Short Trader — PAPER | 2026-07-24 17:06 ET
2026-07-24 21:06:14,087 [INFO] ============================================================
2026-07-24 21:06:14,087 [INFO] Outside market hours (9:30–16:00 ET weekdays) — nothing to do
2026-07-24 21:06:14,087 [INFO] ────────────────────────────────────────────────────────────
2026-07-24 21:06:14,087 [INFO] No open position
2026-07-24 21:06:14,087 [INFO] No closed trades yet
2026-07-24 21:06:14,087 [INFO] ────────────────────────────────────────────────────────────
2026-07-24 22:03:22,798 [INFO] ============================================================
2026-07-24 22:03:22,798 [INFO] LCID Short Trader — PAPER | 2026-07-24 18:03 ET
2026-07-24 22:03:22,798 [INFO] ============================================================
2026-07-24 22:03:22,798 [INFO] Outside market hours (9:30–16:00 ET weekdays) — nothing to do
2026-07-24 22:03:22,798 [INFO] ────────────────────────────────────────────────────────────
2026-07-24 22:03:22,798 [INFO] No open position
2026-07-24 22:03:22,798 [INFO] No closed trades yet
2026-07-24 22:03:22,798 [INFO] ────────────────────────────────────────────────────────────
2026-07-27 15:43:07,053 [INFO] ============================================================
2026-07-27 15:43:07,053 [INFO] LCID Short Trader — PAPER | 2026-07-27 11:43 ET
2026-07-27 15:43:07,053 [INFO] ============================================================
2026-07-27 15:43:07,053 [INFO] Checking exit...
2026-07-27 15:43:07,053 [INFO] Checking entry signal...
2026-07-27 15:43:07,350 [WARNING] Could not fetch price data, skipping signal check
2026-07-27 15:43:07,350 [INFO]   No signal (need +10%, have +0.00%)
2026-07-27 15:43:07,350 [INFO] ────────────────────────────────────────────────────────────
2026-07-27 15:43:07,350 [INFO] No open position
2026-07-27 15:43:07,350 [INFO] No closed trades yet
2026-07-27 15:43:07,350 [INFO] ────────────────────────────────────────────────────────────
2026-07-27 17:24:11,117 [INFO] ============================================================
2026-07-27 17:24:11,117 [INFO] LCID Short Trader — PAPER | 2026-07-27 13:24 ET
2026-07-27 17:24:11,117 [INFO] ============================================================
2026-07-27 17:24:11,117 [INFO] Checking exit...
2026-07-27 17:24:11,117 [INFO] Checking entry signal...
2026-07-27 17:24:11,818 [WARNING] Could not fetch price data, skipping signal check
2026-07-27 17:24:11,818 [INFO]   No signal (need +10%, have +0.00%)
2026-07-27 17:24:11,818 [INFO] ────────────────────────────────────────────────────────────
2026-07-27 17:24:11,819 [INFO] No open position
2026-07-27 17:24:11,819 [INFO] No closed trades yet
2026-07-27 17:24:11,819 [INFO] ────────────────────────────────────────────────────────────
2026-07-27 18:56:17,331 [INFO] ============================================================
2026-07-27 18:56:17,331 [INFO] LCID Short Trader — PAPER | 2026-07-27 14:56 ET
2026-07-27 18:56:17,331 [INFO] ============================================================
2026-07-27 18:56:17,331 [INFO] Checking exit...
2026-07-27 18:56:17,331 [INFO] Checking entry signal...
2026-07-27 18:56:17,617 [WARNING] Could not fetch price data, skipping signal check
2026-07-27 18:56:17,617 [INFO]   No signal (need +10%, have +0.00%)
2026-07-27 18:56:17,618 [INFO] ────────────────────────────────────────────────────────────
2026-07-27 18:56:17,618 [INFO] No open position
2026-07-27 18:56:17,618 [INFO] No closed trades yet
2026-07-27 18:56:17,618 [INFO] ────────────────────────────────────────────────────────────
2026-07-27 20:25:14,109 [INFO] ============================================================
2026-07-27 20:25:14,109 [INFO] LCID Short Trader — PAPER | 2026-07-27 16:25 ET
2026-07-27 20:25:14,109 [INFO] ============================================================
2026-07-27 20:25:14,109 [INFO] Outside market hours (9:30–16:00 ET weekdays) — nothing to do
2026-07-27 20:25:14,110 [INFO] ────────────────────────────────────────────────────────────
2026-07-27 20:25:14,110 [INFO] No open position
2026-07-27 20:25:14,110 [INFO] No closed trades yet
2026-07-27 20:25:14,110 [INFO] ────────────────────────────────────────────────────────────
2026-07-27 21:40:06,327 [INFO] ============================================================
2026-07-27 21:40:06,328 [INFO] LCID Short Trader — PAPER | 2026-07-27 17:40 ET
2026-07-27 21:40:06,328 [INFO] ============================================================
2026-07-27 21:40:06,328 [INFO] Outside market hours (9:30–16:00 ET weekdays) — nothing to do
2026-07-27 21:40:06,328 [INFO] ────────────────────────────────────────────────────────────
2026-07-27 21:40:06,328 [INFO] No open position
2026-07-27 21:40:06,328 [INFO] No closed trades yet
2026-07-27 21:40:06,328 [INFO] ────────────────────────────────────────────────────────────
2026-07-27 22:05:36,523 [INFO] ============================================================
2026-07-27 22:05:36,523 [INFO] LCID Short Trader — PAPER | 2026-07-27 18:05 ET
2026-07-27 22:05:36,523 [INFO] ============================================================
2026-07-27 22:05:36,523 [INFO] Outside market hours (9:30–16:00 ET weekdays) — nothing to do
2026-07-27 22:05:36,523 [INFO] ────────────────────────────────────────────────────────────
2026-07-27 22:05:36,524 [INFO] No open position
2026-07-27 22:05:36,524 [INFO] No closed trades yet
2026-07-27 22:05:36,524 [INFO] ────────────────────────────────────────────────────────────
2026-07-28 15:23:07,415 [INFO] ============================================================
2026-07-28 15:23:07,415 [INFO] LCID Short Trader — PAPER | 2026-07-28 11:23 ET
2026-07-28 15:23:07,415 [INFO] ============================================================
2026-07-28 15:23:07,415 [INFO] Checking exit...
2026-07-28 15:23:07,415 [INFO] Checking entry signal...
2026-07-28 15:23:08,449 [WARNING] Could not fetch price data, skipping signal check
2026-07-28 15:23:08,449 [INFO]   No signal (need +10%, have +0.00%)
2026-07-28 15:23:08,449 [INFO] ────────────────────────────────────────────────────────────
2026-07-28 15:23:08,449 [INFO] No open position
2026-07-28 15:23:08,449 [INFO] No closed trades yet
2026-07-28 15:23:08,449 [INFO] ────────────────────────────────────────────────────────────
2026-07-28 16:59:14,987 [INFO] ============================================================
2026-07-28 16:59:14,987 [INFO] LCID Short Trader — PAPER | 2026-07-28 12:59 ET
2026-07-28 16:59:14,987 [INFO] ============================================================
2026-07-28 16:59:14,988 [INFO] Checking exit...
2026-07-28 16:59:14,988 [INFO] Checking entry signal...
2026-07-28 16:59:15,310 [WARNING] Could not fetch price data, skipping signal check
2026-07-28 16:59:15,310 [INFO]   No signal (need +10%, have +0.00%)
2026-07-28 16:59:15,311 [INFO] ────────────────────────────────────────────────────────────
2026-07-28 16:59:15,311 [INFO] No open position
2026-07-28 16:59:15,311 [INFO] No closed trades yet
2026-07-28 16:59:15,311 [INFO] ────────────────────────────────────────────────────────────
2026-07-28 18:21:16,317 [INFO] ============================================================
2026-07-28 18:21:16,317 [INFO] LCID Short Trader — PAPER | 2026-07-28 14:21 ET
2026-07-28 18:21:16,317 [INFO] ============================================================
2026-07-28 18:21:16,317 [INFO] Checking exit...
2026-07-28 18:21:16,317 [INFO] Checking entry signal...
2026-07-28 18:21:16,596 [WARNING] Could not fetch price data, skipping signal check
2026-07-28 18:21:16,596 [INFO]   No signal (need +10%, have +0.00%)
2026-07-28 18:21:16,596 [INFO] ────────────────────────────────────────────────────────────
2026-07-28 18:21:16,596 [INFO] No open position
2026-07-28 18:21:16,596 [INFO] No closed trades yet
2026-07-28 18:21:16,596 [INFO] ────────────────────────────────────────────────────────────
2026-07-28 20:01:37,201 [INFO] ============================================================
2026-07-28 20:01:37,201 [INFO] LCID Short Trader — PAPER | 2026-07-28 16:01 ET
2026-07-28 20:01:37,201 [INFO] ============================================================
2026-07-28 20:01:37,201 [INFO] Outside market hours (9:30–16:00 ET weekdays) — nothing to do
2026-07-28 20:01:37,201 [INFO] ────────────────────────────────────────────────────────────
2026-07-28 20:01:37,201 [INFO] No open position
2026-07-28 20:01:37,202 [INFO] No closed trades yet
2026-07-28 20:01:37,202 [INFO] ────────────────────────────────────────────────────────────
2026-07-28 21:32:51,277 [INFO] ============================================================
2026-07-28 21:32:51,278 [INFO] LCID Short Trader — PAPER | 2026-07-28 17:32 ET
2026-07-28 21:32:51,278 [INFO] ============================================================
2026-07-28 21:32:51,278 [INFO] Outside market hours (9:30–16:00 ET weekdays) — nothing to do
2026-07-28 21:32:51,278 [INFO] ────────────────────────────────────────────────────────────
2026-07-28 21:32:51,278 [INFO] No open position
2026-07-28 21:32:51,278 [INFO] No closed trades yet
2026-07-28 21:32:51,278 [INFO] ────────────────────────────────────────────────────────────
2026-07-28 22:03:25,044 [INFO] ============================================================
2026-07-28 22:03:25,044 [INFO] LCID Short Trader — PAPER | 2026-07-28 18:03 ET
2026-07-28 22:03:25,044 [INFO] ============================================================
2026-07-28 22:03:25,044 [INFO] Outside market hours (9:30–16:00 ET weekdays) — nothing to do
2026-07-28 22:03:25,045 [INFO] ────────────────────────────────────────────────────────────
2026-07-28 22:03:25,045 [INFO] No open position
2026-07-28 22:03:25,045 [INFO] No closed trades yet
2026-07-28 22:03:25,045 [INFO] ────────────────────────────────────────────────────────────
2026-07-29 15:09:02,412 [INFO] ============================================================
2026-07-29 15:09:02,412 [INFO] LCID Short Trader — PAPER | 2026-07-29 11:09 ET
2026-07-29 15:09:02,412 [INFO] ============================================================
2026-07-29 15:09:02,412 [INFO] Checking exit...
2026-07-29 15:09:02,412 [INFO] Checking entry signal...
2026-07-29 15:09:02,813 [WARNING] Could not fetch price data, skipping signal check
2026-07-29 15:09:02,813 [INFO]   No signal (need +10%, have +0.00%)
2026-07-29 15:09:02,813 [INFO] ────────────────────────────────────────────────────────────
2026-07-29 15:09:02,813 [INFO] No open position
2026-07-29 15:09:02,813 [INFO] No closed trades yet
2026-07-29 15:09:02,814 [INFO] ────────────────────────────────────────────────────────────
2026-07-29 16:39:04,950 [INFO] ============================================================
2026-07-29 16:39:04,950 [INFO] LCID Short Trader — PAPER | 2026-07-29 12:39 ET
2026-07-29 16:39:04,950 [INFO] ============================================================
2026-07-29 16:39:04,951 [INFO] Checking exit...
2026-07-29 16:39:04,951 [INFO] Checking entry signal...
2026-07-29 16:39:05,188 [WARNING] Could not fetch price data, skipping signal check
2026-07-29 16:39:05,188 [INFO]   No signal (need +10%, have +0.00%)
2026-07-29 16:39:05,188 [INFO] ────────────────────────────────────────────────────────────
2026-07-29 16:39:05,188 [INFO] No open position
2026-07-29 16:39:05,188 [INFO] No closed trades yet
2026-07-29 16:39:05,188 [INFO] ────────────────────────────────────────────────────────────
2026-07-29 17:56:37,508 [INFO] ============================================================
2026-07-29 17:56:37,508 [INFO] LCID Short Trader — PAPER | 2026-07-29 13:56 ET
2026-07-29 17:56:37,508 [INFO] ============================================================
2026-07-29 17:56:37,508 [INFO] Checking exit...
2026-07-29 17:56:37,508 [INFO] Checking entry signal...
2026-07-29 17:56:37,858 [WARNING] Could not fetch price data, skipping signal check
2026-07-29 17:56:37,858 [INFO]   No signal (need +10%, have +0.00%)
2026-07-29 17:56:37,859 [INFO] ────────────────────────────────────────────────────────────
2026-07-29 17:56:37,859 [INFO] No open position
2026-07-29 17:56:37,859 [INFO] No closed trades yet
2026-07-29 17:56:37,859 [INFO] ────────────────────────────────────────────────────────────
2026-07-29 19:22:21,330 [INFO] ============================================================
2026-07-29 19:22:21,330 [INFO] LCID Short Trader — PAPER | 2026-07-29 15:22 ET
2026-07-29 19:22:21,331 [INFO] ============================================================
2026-07-29 19:22:21,331 [INFO] Checking exit...
2026-07-29 19:22:21,331 [INFO] Checking entry signal...
2026-07-29 19:22:21,657 [WARNING] Could not fetch price data, skipping signal check
2026-07-29 19:22:21,657 [INFO]   No signal (need +10%, have +0.00%)
2026-07-29 19:22:21,658 [INFO] ────────────────────────────────────────────────────────────
2026-07-29 19:22:21,658 [INFO] No open position
2026-07-29 19:22:21,658 [INFO] No closed trades yet
2026-07-29 19:22:21,658 [INFO] ────────────────────────────────────────────────────────────
2026-07-29 20:31:04,374 [INFO] ============================================================
2026-07-29 20:31:04,374 [INFO] LCID Short Trader — PAPER | 2026-07-29 16:31 ET
2026-07-29 20:31:04,374 [INFO] ============================================================
2026-07-29 20:31:04,374 [INFO] Outside market hours (9:30–16:00 ET weekdays) — nothing to do
2026-07-29 20:31:04,375 [INFO] ────────────────────────────────────────────────────────────
2026-07-29 20:31:04,375 [INFO] No open position
2026-07-29 20:31:04,375 [INFO] No closed trades yet
2026-07-29 20:31:04,375 [INFO] ────────────────────────────────────────────────────────────
2026-07-29 21:38:35,729 [INFO] ============================================================
2026-07-29 21:38:35,730 [INFO] LCID Short Trader — PAPER | 2026-07-29 17:38 ET
2026-07-29 21:38:35,730 [INFO] ============================================================
2026-07-29 21:38:35,730 [INFO] Outside market hours (9:30–16:00 ET weekdays) — nothing to do
2026-07-29 21:38:35,730 [INFO] ────────────────────────────────────────────────────────────
2026-07-29 21:38:35,730 [INFO] No open position
2026-07-29 21:38:35,730 [INFO] No closed trades yet
2026-07-29 21:38:35,730 [INFO] ────────────────────────────────────────────────────────────
2026-07-29 22:00:20,228 [INFO] ============================================================
2026-07-29 22:00:20,228 [INFO] LCID Short Trader — PAPER | 2026-07-29 18:00 ET
2026-07-29 22:00:20,228 [INFO] ============================================================
2026-07-29 22:00:20,229 [INFO] Outside market hours (9:30–16:00 ET weekdays) — nothing to do
2026-07-29 22:00:20,229 [INFO] ────────────────────────────────────────────────────────────
2026-07-29 22:00:20,229 [INFO] No open position
2026-07-29 22:00:20,229 [INFO] No closed trades yet
2026-07-29 22:00:20,229 [INFO] ────────────────────────────────────────────────────────────
2026-07-30 15:11:16,961 [INFO] ============================================================
2026-07-30 15:11:16,961 [INFO] LCID Short Trader — PAPER | 2026-07-30 11:11 ET
2026-07-30 15:11:16,961 [INFO] ============================================================
2026-07-30 15:11:16,961 [INFO] Checking exit...
2026-07-30 15:11:16,961 [INFO] Checking entry signal...
2026-07-30 15:11:17,281 [WARNING] Could not fetch price data, skipping signal check
2026-07-30 15:11:17,281 [INFO]   No signal (need +10%, have +0.00%)
2026-07-30 15:11:17,281 [INFO] ────────────────────────────────────────────────────────────
2026-07-30 15:11:17,281 [INFO] No open position
2026-07-30 15:11:17,281 [INFO] No closed trades yet
2026-07-30 15:11:17,281 [INFO] ────────────────────────────────────────────────────────────
2026-07-30 16:50:36,081 [INFO] ============================================================
2026-07-30 16:50:36,081 [INFO] LCID Short Trader — PAPER | 2026-07-30 12:50 ET
2026-07-30 16:50:36,081 [INFO] ============================================================
2026-07-30 16:50:36,082 [INFO] Checking exit...
2026-07-30 16:50:36,082 [INFO] Checking entry signal...
2026-07-30 16:50:36,319 [WARNING] Could not fetch price data, skipping signal check
2026-07-30 16:50:36,319 [INFO]   No signal (need +10%, have +0.00%)
2026-07-30 16:50:36,319 [INFO] ────────────────────────────────────────────────────────────
2026-07-30 16:50:36,319 [INFO] No open position
2026-07-30 16:50:36,319 [INFO] No closed trades yet
2026-07-30 16:50:36,319 [INFO] ────────────────────────────────────────────────────────────
2026-07-30 18:18:12,424 [INFO] ============================================================
2026-07-30 18:18:12,424 [INFO] LCID Short Trader — PAPER | 2026-07-30 14:18 ET
2026-07-30 18:18:12,424 [INFO] ============================================================
2026-07-30 18:18:12,425 [INFO] Checking exit...
2026-07-30 18:18:12,425 [INFO] Checking entry signal...
2026-07-30 18:18:12,754 [WARNING] Could not fetch price data, skipping signal check
2026-07-30 18:18:12,754 [INFO]   No signal (need +10%, have +0.00%)
2026-07-30 18:18:12,754 [INFO] ────────────────────────────────────────────────────────────
2026-07-30 18:18:12,754 [INFO] No open position
2026-07-30 18:18:12,754 [INFO] No closed trades yet
2026-07-30 18:18:12,754 [INFO] ────────────────────────────────────────────────────────────
2026-07-30 20:02:46,840 [INFO] ============================================================
2026-07-30 20:02:46,840 [INFO] LCID Short Trader — PAPER | 2026-07-30 16:02 ET
2026-07-30 20:02:46,840 [INFO] ============================================================
2026-07-30 20:02:46,840 [INFO] Outside market hours (9:30–16:00 ET weekdays) — nothing to do
2026-07-30 20:02:46,840 [INFO] ────────────────────────────────────────────────────────────
2026-07-30 20:02:46,840 [INFO] No open position
2026-07-30 20:02:46,840 [INFO] No closed trades yet
2026-07-30 20:02:46,840 [INFO] ────────────────────────────────────────────────────────────
2026-07-30 21:33:03,478 [INFO] ============================================================
2026-07-30 21:33:03,479 [INFO] LCID Short Trader — PAPER | 2026-07-30 17:33 ET
2026-07-30 21:33:03,479 [INFO] ============================================================
2026-07-30 21:33:03,479 [INFO] Outside market hours (9:30–16:00 ET weekdays) — nothing to do
2026-07-30 21:33:03,479 [INFO] ────────────────────────────────────────────────────────────
2026-07-30 21:33:03,479 [INFO] No open position
2026-07-30 21:33:03,479 [INFO] No closed trades yet
2026-07-30 21:33:03,479 [INFO] ────────────────────────────────────────────────────────────
2026-07-30 22:04:27,518 [INFO] ============================================================
2026-07-30 22:04:27,518 [INFO] LCID Short Trader — PAPER | 2026-07-30 18:04 ET
2026-07-30 22:04:27,518 [INFO] ============================================================
2026-07-30 22:04:27,518 [INFO] Outside market hours (9:30–16:00 ET weekdays) — nothing to do
2026-07-30 22:04:27,518 [INFO] ────────────────────────────────────────────────────────────
2026-07-30 22:04:27,518 [INFO] No open position
2026-07-30 22:04:27,518 [INFO] No closed trades yet
2026-07-30 22:04:27,518 [INFO] ────────────────────────────────────────────────────────────
2026-07-31 15:20:41,075 [INFO] ============================================================
2026-07-31 15:20:41,075 [INFO] LCID Short Trader — PAPER | 2026-07-31 11:20 ET
2026-07-31 15:20:41,075 [INFO] ============================================================
2026-07-31 15:20:41,075 [INFO] Checking exit...
2026-07-31 15:20:41,075 [INFO] Checking entry signal...
2026-07-31 15:20:41,805 [WARNING] Could not fetch price data, skipping signal check
2026-07-31 15:20:41,805 [INFO]   No signal (need +10%, have +0.00%)
2026-07-31 15:20:41,805 [INFO] ────────────────────────────────────────────────────────────
2026-07-31 15:20:41,805 [INFO] No open position
2026-07-31 15:20:41,805 [INFO] No closed trades yet
2026-07-31 15:20:41,805 [INFO] ────────────────────────────────────────────────────────────
2026-07-31 17:05:33,355 [INFO] ============================================================
2026-07-31 17:05:33,355 [INFO] LCID Short Trader — PAPER | 2026-07-31 13:05 ET
2026-07-31 17:05:33,355 [INFO] ============================================================
2026-07-31 17:05:33,355 [INFO] Checking exit...
2026-07-31 17:05:33,355 [INFO] Checking entry signal...
2026-07-31 17:05:33,712 [WARNING] Could not fetch price data, skipping signal check
2026-07-31 17:05:33,712 [INFO]   No signal (need +10%, have +0.00%)
2026-07-31 17:05:33,713 [INFO] ────────────────────────────────────────────────────────────
2026-07-31 17:05:33,713 [INFO] No open position
2026-07-31 17:05:33,713 [INFO] No closed trades yet
2026-07-31 17:05:33,713 [INFO] ────────────────────────────────────────────────────────────
2026-07-31 18:45:57,904 [INFO] ============================================================
2026-07-31 18:45:57,905 [INFO] LCID Short Trader — PAPER | 2026-07-31 14:45 ET
2026-07-31 18:45:57,905 [INFO] ============================================================
2026-07-31 18:45:57,905 [INFO] Checking exit...
2026-07-31 18:45:57,905 [INFO] Checking entry signal...
2026-07-31 18:45:58,214 [WARNING] Could not fetch price data, skipping signal check
2026-07-31 18:45:58,214 [INFO]   No signal (need +10%, have +0.00%)
2026-07-31 18:45:58,214 [INFO] ────────────────────────────────────────────────────────────
2026-07-31 18:45:58,214 [INFO] No open position
2026-07-31 18:45:58,215 [INFO] No closed trades yet
2026-07-31 18:45:58,215 [INFO] ────────────────────────────────────────────────────────────
2026-07-31 20:21:27,328 [INFO] ============================================================
2026-07-31 20:21:27,328 [INFO] LCID Short Trader — PAPER | 2026-07-31 16:21 ET
2026-07-31 20:21:27,328 [INFO] ============================================================
2026-07-31 20:21:27,329 [INFO] Outside market hours (9:30–16:00 ET weekdays) — nothing to do
2026-07-31 20:21:27,329 [INFO] ────────────────────────────────────────────────────────────
2026-07-31 20:21:27,329 [INFO] No open position
2026-07-31 20:21:27,329 [INFO] No closed trades yet
2026-07-31 20:21:27,329 [INFO] ────────────────────────────────────────────────────────────
2026-07-31 21:38:53,172 [INFO] ============================================================
2026-07-31 21:38:53,172 [INFO] LCID Short Trader — PAPER | 2026-07-31 17:38 ET
2026-07-31 21:38:53,173 [INFO] ============================================================
2026-07-31 21:38:53,173 [INFO] Outside market hours (9:30–16:00 ET weekdays) — nothing to do
2026-07-31 21:38:53,173 [INFO] ────────────────────────────────────────────────────────────
2026-07-31 21:38:53,173 [INFO] No open position
2026-07-31 21:38:53,173 [INFO] No closed trades yet
2026-07-31 21:38:53,173 [INFO] ────────────────────────────────────────────────────────────
2026-07-31 22:04:09,237 [INFO] ============================================================
2026-07-31 22:04:09,237 [INFO] LCID Short Trader — PAPER | 2026-07-31 18:04 ET
2026-07-31 22:04:09,237 [INFO] ============================================================
2026-07-31 22:04:09,238 [INFO] Outside market hours (9:30–16:00 ET weekdays) — nothing to do
2026-07-31 22:04:09,238 [INFO] ────────────────────────────────────────────────────────────
2026-07-31 22:04:09,238 [INFO] No open position
2026-07-31 22:04:09,238 [INFO] No closed trades yet
2026-07-31 22:04:09,238 [INFO] ────────────────────────────────────────────────────────────
2026-08-03 15:44:33,319 [INFO] ============================================================
2026-08-03 15:44:33,319 [INFO] LCID Short Trader — PAPER | 2026-08-03 11:44 ET
2026-08-03 15:44:33,319 [INFO] ============================================================
2026-08-03 15:44:33,319 [INFO] Checking exit...
2026-08-03 15:44:33,319 [INFO] Checking entry signal...
2026-08-03 15:44:33,555 [WARNING] Could not fetch price data, skipping signal check
2026-08-03 15:44:33,555 [INFO]   No signal (need +10%, have +0.00%)
2026-08-03 15:44:33,556 [INFO] ────────────────────────────────────────────────────────────
2026-08-03 15:44:33,556 [INFO] No open position
2026-08-03 15:44:33,556 [INFO] No closed trades yet
2026-08-03 15:44:33,556 [INFO] ────────────────────────────────────────────────────────────
2026-08-03 17:29:56,035 [INFO] ============================================================
2026-08-03 17:29:56,035 [INFO] LCID Short Trader — PAPER | 2026-08-03 13:29 ET
2026-08-03 17:29:56,035 [INFO] ============================================================
2026-08-03 17:29:56,036 [INFO] Checking exit...
2026-08-03 17:29:56,036 [INFO] Checking entry signal...
2026-08-03 17:29:56,717 [WARNING] Could not fetch price data, skipping signal check
2026-08-03 17:29:56,718 [INFO]   No signal (need +10%, have +0.00%)
2026-08-03 17:29:56,718 [INFO] ────────────────────────────────────────────────────────────
2026-08-03 17:29:56,718 [INFO] No open position
2026-08-03 17:29:56,718 [INFO] No closed trades yet
2026-08-03 17:29:56,718 [INFO] ────────────────────────────────────────────────────────────
2026-08-03 19:09:03,322 [INFO] ============================================================
2026-08-03 19:09:03,323 [INFO] LCID Short Trader — PAPER | 2026-08-03 15:09 ET
2026-08-03 19:09:03,323 [INFO] ============================================================
2026-08-03 19:09:03,323 [INFO] Checking exit...
2026-08-03 19:09:03,323 [INFO] Checking entry signal...
2026-08-03 19:09:03,987 [WARNING] Could not fetch price data, skipping signal check
2026-08-03 19:09:03,987 [INFO]   No signal (need +10%, have +0.00%)
2026-08-03 19:09:03,987 [INFO] ────────────────────────────────────────────────────────────
2026-08-03 19:09:03,987 [INFO] No open position
2026-08-03 19:09:03,987 [INFO] No closed trades yet
2026-08-03 19:09:03,987 [INFO] ────────────────────────────────────────────────────────────
2026-08-03 20:39:58,264 [INFO] ============================================================
2026-08-03 20:39:58,264 [INFO] LCID Short Trader — PAPER | 2026-08-03 16:39 ET
2026-08-03 20:39:58,264 [INFO] ============================================================
2026-08-03 20:39:58,265 [INFO] Outside market hours (9:30–16:00 ET weekdays) — nothing to do
2026-08-03 20:39:58,265 [INFO] ────────────────────────────────────────────────────────────
2026-08-03 20:39:58,265 [INFO] No open position
2026-08-03 20:39:58,265 [INFO] No closed trades yet
2026-08-03 20:39:58,265 [INFO] ────────────────────────────────────────────────────────────
2026-08-03 21:49:07,303 [INFO] ============================================================
2026-08-03 21:49:07,303 [INFO] LCID Short Trader — PAPER | 2026-08-03 17:49 ET
2026-08-03 21:49:07,303 [INFO] ============================================================
2026-08-03 21:49:07,304 [INFO] Outside market hours (9:30–16:00 ET weekdays) — nothing to do
2026-08-03 21:49:07,304 [INFO] ────────────────────────────────────────────────────────────
2026-08-03 21:49:07,304 [INFO] No open position
2026-08-03 21:49:07,304 [INFO] No closed trades yet
2026-08-03 21:49:07,304 [INFO] ────────────────────────────────────────────────────────────
2026-08-03 22:08:14,885 [INFO] ============================================================
2026-08-03 22:08:14,885 [INFO] LCID Short Trader — PAPER | 2026-08-03 18:08 ET
2026-08-03 22:08:14,885 [INFO] ============================================================
2026-08-03 22:08:14,886 [INFO] Outside market hours (9:30–16:00 ET weekdays) — nothing to do
2026-08-03 22:08:14,886 [INFO] ────────────────────────────────────────────────────────────
2026-08-03 22:08:14,886 [INFO] No open position
2026-08-03 22:08:14,886 [INFO] No closed trades yet
2026-08-03 22:08:14,886 [INFO] ────────────────────────────────────────────────────────────
2026-08-04 17:13:17,553 [INFO] ============================================================
2026-08-04 17:13:17,553 [INFO] LCID Short Trader — PAPER | 2026-08-04 13:13 ET
2026-08-04 17:13:17,553 [INFO] ============================================================
2026-08-04 17:13:17,553 [INFO] Checking exit...
2026-08-04 17:13:17,553 [INFO] Checking entry signal...
2026-08-04 17:13:17,770 [WARNING] Could not fetch price data, skipping signal check
2026-08-04 17:13:17,771 [INFO]   No signal (need +10%, have +0.00%)
2026-08-04 17:13:17,771 [INFO] ────────────────────────────────────────────────────────────
2026-08-04 17:13:17,771 [INFO] No open position
2026-08-04 17:13:17,771 [INFO] No closed trades yet
2026-08-04 17:13:17,771 [INFO] ────────────────────────────────────────────────────────────
2026-08-04 18:56:02,278 [INFO] ============================================================
2026-08-04 18:56:02,278 [INFO] LCID Short Trader — PAPER | 2026-08-04 14:56 ET
2026-08-04 18:56:02,278 [INFO] ============================================================
2026-08-04 18:56:02,279 [INFO] Checking exit...
2026-08-04 18:56:02,279 [INFO] Checking entry signal...
2026-08-04 18:56:02,913 [WARNING] Could not fetch price data, skipping signal check
2026-08-04 18:56:02,914 [INFO]   No signal (need +10%, have +0.00%)
2026-08-04 18:56:02,914 [INFO] ────────────────────────────────────────────────────────────
2026-08-04 18:56:02,914 [INFO] No open position
2026-08-04 18:56:02,914 [INFO] No closed trades yet
2026-08-04 18:56:02,914 [INFO] ────────────────────────────────────────────────────────────
2026-08-04 20:27:07,317 [INFO] ============================================================
2026-08-04 20:27:07,317 [INFO] LCID Short Trader — PAPER | 2026-08-04 16:27 ET
2026-08-04 20:27:07,317 [INFO] ============================================================
2026-08-04 20:27:07,317 [INFO] Outside market hours (9:30–16:00 ET weekdays) — nothing to do
2026-08-04 20:27:07,317 [INFO] ────────────────────────────────────────────────────────────
2026-08-04 20:27:07,317 [INFO] No open position
2026-08-04 20:27:07,317 [INFO] No closed trades yet
2026-08-04 20:27:07,318 [INFO] ────────────────────────────────────────────────────────────
2026-08-04 21:50:28,594 [INFO] ============================================================
2026-08-04 21:50:28,594 [INFO] LCID Short Trader — PAPER | 2026-08-04 17:50 ET
2026-08-04 21:50:28,594 [INFO] ============================================================
2026-08-04 21:50:28,594 [INFO] Outside market hours (9:30–16:00 ET weekdays) — nothing to do
2026-08-04 21:50:28,594 [INFO] ────────────────────────────────────────────────────────────
2026-08-04 21:50:28,595 [INFO] No open position
2026-08-04 21:50:28,595 [INFO] No closed trades yet
2026-08-04 21:50:28,595 [INFO] ────────────────────────────────────────────────────────────
2026-08-04 22:10:36,959 [INFO] ============================================================
2026-08-04 22:10:36,959 [INFO] LCID Short Trader — PAPER | 2026-08-04 18:10 ET
2026-08-04 22:10:36,959 [INFO] ============================================================
2026-08-04 22:10:36,959 [INFO] Outside market hours (9:30–16:00 ET weekdays) — nothing to do
2026-08-04 22:10:36,959 [INFO] ────────────────────────────────────────────────────────────
2026-08-04 22:10:36,959 [INFO] No open position
2026-08-04 22:10:36,959 [INFO] No closed trades yet
2026-08-04 22:10:36,959 [INFO] ────────────────────────────────────────────────────────────
2026-08-05 15:14:42,365 [INFO] ============================================================
2026-08-05 15:14:42,365 [INFO] LCID Short Trader — PAPER | 2026-08-05 11:14 ET
2026-08-05 15:14:42,365 [INFO] ============================================================
2026-08-05 15:14:42,365 [INFO] Checking exit...
2026-08-05 15:14:42,365 [INFO] Checking entry signal...
2026-08-05 15:14:42,643 [WARNING] Could not fetch price data, skipping signal check
2026-08-05 15:14:42,644 [INFO]   No signal (need +10%, have +0.00%)
2026-08-05 15:14:42,644 [INFO] ────────────────────────────────────────────────────────────
2026-08-05 15:14:42,644 [INFO] No open position
2026-08-05 15:14:42,644 [INFO] No closed trades yet
2026-08-05 15:14:42,644 [INFO] ────────────────────────────────────────────────────────────
2026-08-05 16:54:50,493 [INFO] ============================================================
2026-08-05 16:54:50,493 [INFO] LCID Short Trader — PAPER | 2026-08-05 12:54 ET
2026-08-05 16:54:50,493 [INFO] ============================================================
2026-08-05 16:54:50,493 [INFO] Checking exit...
2026-08-05 16:54:50,493 [INFO] Checking entry signal...
2026-08-05 16:54:51,056 [WARNING] Could not fetch price data, skipping signal check
2026-08-05 16:54:51,056 [INFO]   No signal (need +10%, have +0.00%)
2026-08-05 16:54:51,056 [INFO] ────────────────────────────────────────────────────────────
2026-08-05 16:54:51,057 [INFO] No open position
2026-08-05 16:54:51,057 [INFO] No closed trades yet
2026-08-05 16:54:51,057 [INFO] ────────────────────────────────────────────────────────────
2026-08-05 18:22:52,916 [INFO] ============================================================
2026-08-05 18:22:52,916 [INFO] LCID Short Trader — PAPER | 2026-08-05 14:22 ET
2026-08-05 18:22:52,916 [INFO] ============================================================
2026-08-05 18:22:52,916 [INFO] Checking exit...
2026-08-05 18:22:52,916 [INFO] Checking entry signal...
2026-08-05 18:22:53,599 [WARNING] Could not fetch price data, skipping signal check
2026-08-05 18:22:53,599 [INFO]   No signal (need +10%, have +0.00%)
2026-08-05 18:22:53,599 [INFO] ────────────────────────────────────────────────────────────
2026-08-05 18:22:53,599 [INFO] No open position
2026-08-05 18:22:53,600 [INFO] No closed trades yet
2026-08-05 18:22:53,600 [INFO] ────────────────────────────────────────────────────────────
2026-08-05 20:09:08,845 [INFO] ============================================================
2026-08-05 20:09:08,845 [INFO] LCID Short Trader — PAPER | 2026-08-05 16:09 ET
2026-08-05 20:09:08,845 [INFO] ============================================================
2026-08-05 20:09:08,846 [INFO] Outside market hours (9:30–16:00 ET weekdays) — nothing to do
2026-08-05 20:09:08,846 [INFO] ────────────────────────────────────────────────────────────
2026-08-05 20:09:08,846 [INFO] No open position
2026-08-05 20:09:08,846 [INFO] No closed trades yet
2026-08-05 20:09:08,846 [INFO] ────────────────────────────────────────────────────────────
2026-08-05 21:33:10,628 [INFO] ============================================================
2026-08-05 21:33:10,629 [INFO] LCID Short Trader — PAPER | 2026-08-05 17:33 ET
2026-08-05 21:33:10,629 [INFO] ============================================================
2026-08-05 21:33:10,629 [INFO] Outside market hours (9:30–16:00 ET weekdays) — nothing to do
2026-08-05 21:33:10,629 [INFO] ────────────────────────────────────────────────────────────
2026-08-05 21:33:10,629 [INFO] No open position
2026-08-05 21:33:10,629 [INFO] No closed trades yet
2026-08-05 21:33:10,629 [INFO] ────────────────────────────────────────────────────────────
2026-08-05 22:12:02,178 [INFO] ============================================================
2026-08-05 22:12:02,178 [INFO] LCID Short Trader — PAPER | 2026-08-05 18:12 ET
2026-08-05 22:12:02,178 [INFO] ============================================================
2026-08-05 22:12:02,178 [INFO] Outside market hours (9:30–16:00 ET weekdays) — nothing to do
2026-08-05 22:12:02,178 [INFO] ────────────────────────────────────────────────────────────
2026-08-05 22:12:02,179 [INFO] No open position
2026-08-05 22:12:02,179 [INFO] No closed trades yet
2026-08-05 22:12:02,179 [INFO] ────────────────────────────────────────────────────────────
2026-08-06 15:14:54,641 [INFO] ============================================================
2026-08-06 15:14:54,642 [INFO] LCID Short Trader — PAPER | 2026-08-06 11:14 ET
2026-08-06 15:14:54,642 [INFO] ============================================================
2026-08-06 15:14:54,642 [INFO] Checking exit...
2026-08-06 15:14:54,642 [INFO] Checking entry signal...
2026-08-06 15:14:55,305 [WARNING] Could not fetch price data, skipping signal check
2026-08-06 15:14:55,305 [INFO]   No signal (need +10%, have +0.00%)
2026-08-06 15:14:55,305 [INFO] ────────────────────────────────────────────────────────────
2026-08-06 15:14:55,305 [INFO] No open position
2026-08-06 15:14:55,305 [INFO] No closed trades yet
2026-08-06 15:14:55,305 [INFO] ────────────────────────────────────────────────────────────
2026-08-07 00:31:25,202 [INFO] ============================================================
2026-08-07 00:31:25,202 [INFO] LCID Short Trader — PAPER | 2026-08-06 20:31 ET
2026-08-07 00:31:25,202 [INFO] ============================================================
2026-08-07 00:31:25,202 [INFO] Outside market hours (9:30–16:00 ET weekdays) — nothing to do
2026-08-07 00:31:25,202 [INFO] ────────────────────────────────────────────────────────────
2026-08-07 00:31:25,202 [INFO] No open position
2026-08-07 00:31:25,203 [INFO] No closed trades yet
2026-08-07 00:31:25,203 [INFO] ────────────────────────────────────────────────────────────
2026-08-07 01:00:56,957 [INFO] ============================================================
2026-08-07 01:00:56,957 [INFO] LCID Short Trader — PAPER | 2026-08-06 21:00 ET
2026-08-07 01:00:56,957 [INFO] ============================================================
2026-08-07 01:00:56,957 [INFO] Outside market hours (9:30–16:00 ET weekdays) — nothing to do
2026-08-07 01:00:56,957 [INFO] ────────────────────────────────────────────────────────────
2026-08-07 01:00:56,957 [INFO] No open position
2026-08-07 01:00:56,957 [INFO] No closed trades yet
2026-08-07 01:00:56,958 [INFO] ────────────────────────────────────────────────────────────
2026-08-07 14:13:35,020 [INFO] ============================================================
2026-08-07 14:13:35,020 [INFO] LCID Short Trader — PAPER | 2026-08-07 10:13 ET
2026-08-07 14:13:35,020 [INFO] ============================================================
2026-08-07 14:13:35,021 [INFO] Checking exit...
2026-08-07 14:13:35,021 [INFO] Checking entry signal...
2026-08-07 14:13:35,237 [WARNING] Could not fetch price data, skipping signal check
2026-08-07 14:13:35,238 [INFO]   No signal (need +10%, have +0.00%)
2026-08-07 14:13:35,238 [INFO] ────────────────────────────────────────────────────────────
2026-08-07 14:13:35,238 [INFO] No open position
2026-08-07 14:13:35,238 [INFO] No closed trades yet
2026-08-07 14:13:35,238 [INFO] ────────────────────────────────────────────────────────────
2026-08-07 15:11:18,535 [INFO] ============================================================
2026-08-07 15:11:18,535 [INFO] LCID Short Trader — PAPER | 2026-08-07 11:11 ET
2026-08-07 15:11:18,535 [INFO] ============================================================
2026-08-07 15:11:18,535 [INFO] Checking exit...
2026-08-07 15:11:18,535 [INFO] Checking entry signal...
2026-08-07 15:11:18,945 [WARNING] Could not fetch price data, skipping signal check
2026-08-07 15:11:18,945 [INFO]   No signal (need +10%, have +0.00%)
2026-08-07 15:11:18,946 [INFO] ────────────────────────────────────────────────────────────
2026-08-07 15:11:18,946 [INFO] No open position
2026-08-07 15:11:18,946 [INFO] No closed trades yet
2026-08-07 15:11:18,946 [INFO] ────────────────────────────────────────────────────────────
2026-08-07 16:09:45,558 [INFO] ============================================================
2026-08-07 16:09:45,558 [INFO] LCID Short Trader — PAPER | 2026-08-07 12:09 ET
2026-08-07 16:09:45,558 [INFO] ============================================================
2026-08-07 16:09:45,559 [INFO] Checking exit...
2026-08-07 16:09:45,559 [INFO] Checking entry signal...
2026-08-07 16:09:46,182 [WARNING] Could not fetch price data, skipping signal check
2026-08-07 16:09:46,182 [INFO]   No signal (need +10%, have +0.00%)
2026-08-07 16:09:46,182 [INFO] ────────────────────────────────────────────────────────────
2026-08-07 16:09:46,182 [INFO] No open position
2026-08-07 16:09:46,182 [INFO] No closed trades yet
2026-08-07 16:09:46,182 [INFO] ────────────────────────────────────────────────────────────
2026-08-07 17:08:05,425 [INFO] ============================================================
2026-08-07 17:08:05,425 [INFO] LCID Short Trader — PAPER | 2026-08-07 13:08 ET
2026-08-07 17:08:05,425 [INFO] ============================================================
2026-08-07 17:08:05,425 [INFO] Checking exit...
2026-08-07 17:08:05,425 [INFO] Checking entry signal...
2026-08-07 17:08:05,651 [WARNING] Could not fetch price data, skipping signal check
2026-08-07 17:08:05,651 [INFO]   No signal (need +10%, have +0.00%)
2026-08-07 17:08:05,651 [INFO] ────────────────────────────────────────────────────────────
2026-08-07 17:08:05,651 [INFO] No open position
2026-08-07 17:08:05,651 [INFO] No closed trades yet
2026-08-07 17:08:05,652 [INFO] ────────────────────────────────────────────────────────────
2026-08-07 18:02:18,419 [INFO] ============================================================
2026-08-07 18:02:18,420 [INFO] LCID Short Trader — PAPER | 2026-08-07 14:02 ET
2026-08-07 18:02:18,420 [INFO] ============================================================
2026-08-07 18:02:18,420 [INFO] Checking exit...
2026-08-07 18:02:18,420 [INFO] Checking entry signal...
2026-08-07 18:02:20,413 [WARNING] Could not fetch price data, skipping signal check
2026-08-07 18:02:20,413 [INFO]   No signal (need +10%, have +0.00%)
2026-08-07 18:02:20,415 [INFO] ────────────────────────────────────────────────────────────
2026-08-07 18:02:20,415 [INFO] No open position
2026-08-07 18:02:20,415 [INFO] No closed trades yet
2026-08-07 18:02:20,415 [INFO] ────────────────────────────────────────────────────────────
2026-08-07 19:16:21,723 [INFO] ============================================================
2026-08-07 19:16:21,724 [INFO] LCID Short Trader — PAPER | 2026-08-07 15:16 ET
2026-08-07 19:16:21,724 [INFO] ============================================================
2026-08-07 19:16:21,724 [INFO] Checking exit...
2026-08-07 19:16:21,724 [INFO] Checking entry signal...
2026-08-07 19:16:22,587 [WARNING] Could not fetch price data, skipping signal check
2026-08-07 19:16:22,587 [INFO]   No signal (need +10%, have +0.00%)
2026-08-07 19:16:22,587 [INFO] ────────────────────────────────────────────────────────────
2026-08-07 19:16:22,587 [INFO] No open position
2026-08-07 19:16:22,587 [INFO] No closed trades yet
2026-08-07 19:16:22,587 [INFO] ────────────────────────────────────────────────────────────
2026-08-07 20:06:00,388 [INFO] ============================================================
2026-08-07 20:06:00,388 [INFO] LCID Short Trader — PAPER | 2026-08-07 16:06 ET
2026-08-07 20:06:00,388 [INFO] ============================================================
2026-08-07 20:06:00,388 [INFO] Outside market hours (9:30–16:00 ET weekdays) — nothing to do
2026-08-07 20:06:00,388 [INFO] ────────────────────────────────────────────────────────────
2026-08-07 20:06:00,388 [INFO] No open position
2026-08-07 20:06:00,388 [INFO] No closed trades yet
2026-08-07 20:06:00,388 [INFO] ────────────────────────────────────────────────────────────
2026-08-07 20:59:25,856 [INFO] ============================================================
2026-08-07 20:59:25,856 [INFO] LCID Short Trader — PAPER | 2026-08-07 16:59 ET
2026-08-07 20:59:25,856 [INFO] ============================================================
2026-08-07 20:59:25,856 [INFO] Outside market hours (9:30–16:00 ET weekdays) — nothing to do
2026-08-07 20:59:25,856 [INFO] ────────────────────────────────────────────────────────────
2026-08-07 20:59:25,856 [INFO] No open position
2026-08-07 20:59:25,856 [INFO] No closed trades yet
2026-08-07 20:59:25,857 [INFO] ────────────────────────────────────────────────────────────
2026-08-07 21:37:26,201 [INFO] ============================================================
2026-08-07 21:37:26,202 [INFO] LCID Short Trader — PAPER | 2026-08-07 17:37 ET
2026-08-07 21:37:26,202 [INFO] ============================================================
2026-08-07 21:37:26,202 [INFO] Outside market hours (9:30–16:00 ET weekdays) — nothing to do
2026-08-07 21:37:26,202 [INFO] ────────────────────────────────────────────────────────────
2026-08-07 21:37:26,202 [INFO] No open position
2026-08-07 21:37:26,202 [INFO] No closed trades yet
2026-08-07 21:37:26,202 [INFO] ────────────────────────────────────────────────────────────
2026-08-07 22:18:15,127 [INFO] ============================================================
2026-08-07 22:18:15,127 [INFO] LCID Short Trader — PAPER | 2026-08-07 18:18 ET
2026-08-07 22:18:15,127 [INFO] ============================================================
2026-08-07 22:18:15,127 [INFO] Outside market hours (9:30–16:00 ET weekdays) — nothing to do
2026-08-07 22:18:15,127 [INFO] ────────────────────────────────────────────────────────────
2026-08-07 22:18:15,127 [INFO] No open position
2026-08-07 22:18:15,128 [INFO] No closed trades yet
2026-08-07 22:18:15,128 [INFO] ────────────────────────────────────────────────────────────
2026-08-10 15:31:06,740 [INFO] ============================================================
2026-08-10 15:31:06,740 [INFO] LCID Short Trader — PAPER | 2026-08-10 11:31 ET
2026-08-10 15:31:06,740 [INFO] ============================================================
2026-08-10 15:31:06,740 [INFO] Checking exit...
2026-08-10 15:31:06,740 [INFO] Checking entry signal...
2026-08-10 15:31:07,400 [WARNING] Could not fetch price data, skipping signal check
2026-08-10 15:31:07,400 [INFO]   No signal (need +10%, have +0.00%)
2026-08-10 15:31:07,400 [INFO] ────────────────────────────────────────────────────────────
2026-08-10 15:31:07,400 [INFO] No open position
2026-08-10 15:31:07,400 [INFO] No closed trades yet
2026-08-10 15:31:07,400 [INFO] ────────────────────────────────────────────────────────────
2026-08-10 16:33:22,972 [INFO] ============================================================
2026-08-10 16:33:22,972 [INFO] LCID Short Trader — PAPER | 2026-08-10 12:33 ET
2026-08-10 16:33:22,972 [INFO] ============================================================
2026-08-10 16:33:22,972 [INFO] Checking exit...
2026-08-10 16:33:22,972 [INFO] Checking entry signal...
2026-08-10 16:33:23,319 [WARNING] Could not fetch price data, skipping signal check
2026-08-10 16:33:23,320 [INFO]   No signal (need +10%, have +0.00%)
2026-08-10 16:33:23,320 [INFO] ────────────────────────────────────────────────────────────
2026-08-10 16:33:23,320 [INFO] No open position
2026-08-10 16:33:23,320 [INFO] No closed trades yet
2026-08-10 16:33:23,320 [INFO] ────────────────────────────────────────────────────────────
2026-08-10 17:37:53,992 [INFO] ============================================================
2026-08-10 17:37:53,992 [INFO] LCID Short Trader — PAPER | 2026-08-10 13:37 ET
2026-08-10 17:37:53,992 [INFO] ============================================================
2026-08-10 17:37:53,992 [INFO] Checking exit...
2026-08-10 17:37:53,992 [INFO] Checking entry signal...
2026-08-10 17:37:54,702 [WARNING] Could not fetch price data, skipping signal check
2026-08-10 17:37:54,702 [INFO]   No signal (need +10%, have +0.00%)
2026-08-10 17:37:54,702 [INFO] ────────────────────────────────────────────────────────────
2026-08-10 17:37:54,703 [INFO] No open position
2026-08-10 17:37:54,703 [INFO] No closed trades yet
2026-08-10 17:37:54,703 [INFO] ────────────────────────────────────────────────────────────
2026-08-10 18:35:13,166 [INFO] ============================================================
2026-08-10 18:35:13,166 [INFO] LCID Short Trader — PAPER | 2026-08-10 14:35 ET
2026-08-10 18:35:13,166 [INFO] ============================================================
2026-08-10 18:35:13,166 [INFO] Checking exit...
2026-08-10 18:35:13,166 [INFO] Checking entry signal...
2026-08-10 18:35:13,807 [WARNING] Could not fetch price data, skipping signal check
2026-08-10 18:35:13,807 [INFO]   No signal (need +10%, have +0.00%)
2026-08-10 18:35:13,807 [INFO] ────────────────────────────────────────────────────────────
2026-08-10 18:35:13,807 [INFO] No open position
2026-08-10 18:35:13,807 [INFO] No closed trades yet
2026-08-10 18:35:13,808 [INFO] ────────────────────────────────────────────────────────────
2026-08-10 19:43:13,737 [INFO] ============================================================
2026-08-10 19:43:13,737 [INFO] LCID Short Trader — PAPER | 2026-08-10 15:43 ET
2026-08-10 19:43:13,737 [INFO] ============================================================
2026-08-10 19:43:13,737 [INFO] Checking exit...
2026-08-10 19:43:13,737 [INFO] Checking entry signal...
2026-08-10 19:43:14,024 [WARNING] Could not fetch price data, skipping signal check
2026-08-10 19:43:14,025 [INFO]   No signal (need +10%, have +0.00%)
2026-08-10 19:43:14,025 [INFO] ────────────────────────────────────────────────────────────
2026-08-10 19:43:14,025 [INFO] No open position
2026-08-10 19:43:14,025 [INFO] No closed trades yet
2026-08-10 19:43:14,025 [INFO] ────────────────────────────────────────────────────────────
2026-08-10 20:25:18,839 [INFO] ============================================================
2026-08-10 20:25:18,840 [INFO] LCID Short Trader — PAPER | 2026-08-10 16:25 ET
2026-08-10 20:25:18,840 [INFO] ============================================================
2026-08-10 20:25:18,840 [INFO] Outside market hours (9:30–16:00 ET weekdays) — nothing to do
2026-08-10 20:25:18,840 [INFO] ────────────────────────────────────────────────────────────
2026-08-10 20:25:18,840 [INFO] No open position
2026-08-10 20:25:18,840 [INFO] No closed trades yet
2026-08-10 20:25:18,840 [INFO] ────────────────────────────────────────────────────────────
2026-08-10 21:13:45,359 [INFO] ============================================================
2026-08-10 21:13:45,359 [INFO] LCID Short Trader — PAPER | 2026-08-10 17:13 ET
2026-08-10 21:13:45,359 [INFO] ============================================================
2026-08-10 21:13:45,359 [INFO] Outside market hours (9:30–16:00 ET weekdays) — nothing to do
2026-08-10 21:13:45,359 [INFO] ────────────────────────────────────────────────────────────
2026-08-10 21:13:45,359 [INFO] No open position
2026-08-10 21:13:45,359 [INFO] No closed trades yet
2026-08-10 21:13:45,359 [INFO] ────────────────────────────────────────────────────────────
2026-08-10 21:39:42,571 [INFO] ============================================================
2026-08-10 21:39:42,571 [INFO] LCID Short Trader — PAPER | 2026-08-10 17:39 ET
2026-08-10 21:39:42,571 [INFO] ============================================================
2026-08-10 21:39:42,571 [INFO] Outside market hours (9:30–16:00 ET weekdays) — nothing to do
2026-08-10 21:39:42,571 [INFO] ────────────────────────────────────────────────────────────
2026-08-10 21:39:42,571 [INFO] No open position
2026-08-10 21:39:42,572 [INFO] No closed trades yet
2026-08-10 21:39:42,572 [INFO] ────────────────────────────────────────────────────────────
2026-08-10 22:19:59,448 [INFO] ============================================================
2026-08-10 22:19:59,448 [INFO] LCID Short Trader — PAPER | 2026-08-10 18:19 ET
2026-08-10 22:19:59,448 [INFO] ============================================================
2026-08-10 22:19:59,448 [INFO] Outside market hours (9:30–16:00 ET weekdays) — nothing to do
2026-08-10 22:19:59,448 [INFO] ────────────────────────────────────────────────────────────
2026-08-10 22:19:59,448 [INFO] No open position
2026-08-10 22:19:59,448 [INFO] No closed trades yet
2026-08-10 22:19:59,448 [INFO] ────────────────────────────────────────────────────────────
2026-08-11 14:20:42,069 [INFO] ============================================================
2026-08-11 14:20:42,069 [INFO] LCID Short Trader — PAPER | 2026-08-11 10:20 ET
2026-08-11 14:20:42,069 [INFO] ============================================================
2026-08-11 14:20:42,069 [INFO] Checking exit...
2026-08-11 14:20:42,070 [INFO] Checking entry signal...
2026-08-11 14:20:42,427 [WARNING] Could not fetch price data, skipping signal check
2026-08-11 14:20:42,427 [INFO]   No signal (need +10%, have +0.00%)
2026-08-11 14:20:42,427 [INFO] ────────────────────────────────────────────────────────────
2026-08-11 14:20:42,427 [INFO] No open position
2026-08-11 14:20:42,428 [INFO] No closed trades yet
2026-08-11 14:20:42,428 [INFO] ────────────────────────────────────────────────────────────
2026-08-11 15:29:37,417 [INFO] ============================================================
2026-08-11 15:29:37,417 [INFO] LCID Short Trader — PAPER | 2026-08-11 11:29 ET
2026-08-11 15:29:37,417 [INFO] ============================================================
2026-08-11 15:29:37,417 [INFO] Checking exit...
2026-08-11 15:29:37,417 [INFO] Checking entry signal...
2026-08-11 15:29:37,697 [WARNING] Could not fetch price data, skipping signal check
2026-08-11 15:29:37,697 [INFO]   No signal (need +10%, have +0.00%)
2026-08-11 15:29:37,698 [INFO] ────────────────────────────────────────────────────────────
2026-08-11 15:29:37,698 [INFO] No open position
2026-08-11 15:29:37,698 [INFO] No closed trades yet
2026-08-11 15:29:37,698 [INFO] ────────────────────────────────────────────────────────────
2026-08-11 16:27:54,315 [INFO] ============================================================
2026-08-11 16:27:54,315 [INFO] LCID Short Trader — PAPER | 2026-08-11 12:27 ET
2026-08-11 16:27:54,315 [INFO] ============================================================
2026-08-11 16:27:54,315 [INFO] Checking exit...
2026-08-11 16:27:54,315 [INFO] Checking entry signal...
2026-08-11 16:27:54,835 [WARNING] Could not fetch price data, skipping signal check
2026-08-11 16:27:54,836 [INFO]   No signal (need +10%, have +0.00%)
2026-08-11 16:27:54,836 [INFO] ────────────────────────────────────────────────────────────
2026-08-11 16:27:54,836 [INFO] No open position
2026-08-11 16:27:54,836 [INFO] No closed trades yet
2026-08-11 16:27:54,836 [INFO] ────────────────────────────────────────────────────────────
2026-08-11 17:31:22,552 [INFO] ============================================================
2026-08-11 17:31:22,552 [INFO] LCID Short Trader — PAPER | 2026-08-11 13:31 ET
2026-08-11 17:31:22,552 [INFO] ============================================================
2026-08-11 17:31:22,552 [INFO] Checking exit...
2026-08-11 17:31:22,553 [INFO] Checking entry signal...
2026-08-11 17:31:23,305 [WARNING] Could not fetch price data, skipping signal check
2026-08-11 17:31:23,305 [INFO]   No signal (need +10%, have +0.00%)
2026-08-11 17:31:23,305 [INFO] ────────────────────────────────────────────────────────────
2026-08-11 17:31:23,305 [INFO] No open position
2026-08-11 17:31:23,305 [INFO] No closed trades yet
2026-08-11 17:31:23,305 [INFO] ────────────────────────────────────────────────────────────
2026-08-11 18:36:58,586 [INFO] ============================================================
2026-08-11 18:36:58,586 [INFO] LCID Short Trader — PAPER | 2026-08-11 14:36 ET
2026-08-11 18:36:58,586 [INFO] ============================================================
2026-08-11 18:36:58,586 [INFO] Checking exit...
2026-08-11 18:36:58,586 [INFO] Checking entry signal...
2026-08-11 18:36:59,135 [WARNING] Could not fetch price data, skipping signal check
2026-08-11 18:36:59,135 [INFO]   No signal (need +10%, have +0.00%)
2026-08-11 18:36:59,136 [INFO] ────────────────────────────────────────────────────────────
2026-08-11 18:36:59,136 [INFO] No open position
2026-08-11 18:36:59,136 [INFO] No closed trades yet
2026-08-11 18:36:59,136 [INFO] ────────────────────────────────────────────────────────────
2026-08-11 19:46:54,432 [INFO] ============================================================
2026-08-11 19:46:54,432 [INFO] LCID Short Trader — PAPER | 2026-08-11 15:46 ET
2026-08-11 19:46:54,433 [INFO] ============================================================
2026-08-11 19:46:54,433 [INFO] Checking exit...
2026-08-11 19:46:54,433 [INFO] Checking entry signal...
2026-08-11 19:46:54,703 [WARNING] Could not fetch price data, skipping signal check
2026-08-11 19:46:54,703 [INFO]   No signal (need +10%, have +0.00%)
2026-08-11 19:46:54,703 [INFO] ────────────────────────────────────────────────────────────
2026-08-11 19:46:54,703 [INFO] No open position
2026-08-11 19:46:54,703 [INFO] No closed trades yet
2026-08-11 19:46:54,703 [INFO] ────────────────────────────────────────────────────────────
2026-08-11 20:46:09,776 [INFO] ============================================================
2026-08-11 20:46:09,776 [INFO] LCID Short Trader — PAPER | 2026-08-11 16:46 ET
2026-08-11 20:46:09,776 [INFO] ============================================================
2026-08-11 20:46:09,776 [INFO] Outside market hours (9:30–16:00 ET weekdays) — nothing to do
2026-08-11 20:46:09,776 [INFO] ────────────────────────────────────────────────────────────
2026-08-11 20:46:09,776 [INFO] No open position
2026-08-11 20:46:09,776 [INFO] No closed trades yet
2026-08-11 20:46:09,776 [INFO] ────────────────────────────────────────────────────────────
2026-08-11 21:43:32,678 [INFO] ============================================================
2026-08-11 21:43:32,678 [INFO] LCID Short Trader — PAPER | 2026-08-11 17:43 ET
2026-08-11 21:43:32,678 [INFO] ============================================================
2026-08-11 21:43:32,678 [INFO] Outside market hours (9:30–16:00 ET weekdays) — nothing to do
2026-08-11 21:43:32,678 [INFO] ────────────────────────────────────────────────────────────
2026-08-11 21:43:32,678 [INFO] No open position
2026-08-11 21:43:32,678 [INFO] No closed trades yet
2026-08-11 21:43:32,678 [INFO] ────────────────────────────────────────────────────────────
2026-08-11 22:25:24,363 [INFO] ============================================================
2026-08-11 22:25:24,363 [INFO] LCID Short Trader — PAPER | 2026-08-11 18:25 ET
2026-08-11 22:25:24,363 [INFO] ============================================================
2026-08-11 22:25:24,363 [INFO] Outside market hours (9:30–16:00 ET weekdays) — nothing to do
2026-08-11 22:25:24,363 [INFO] ────────────────────────────────────────────────────────────
2026-08-11 22:25:24,363 [INFO] No open position
2026-08-11 22:25:24,364 [INFO] No closed trades yet
2026-08-11 22:25:24,364 [INFO] ────────────────────────────────────────────────────────────
2026-08-12 14:21:00,580 [INFO] ============================================================
2026-08-12 14:21:00,580 [INFO] LCID Short Trader — PAPER | 2026-08-12 10:21 ET
2026-08-12 14:21:00,581 [INFO] ============================================================
2026-08-12 14:21:00,581 [INFO] Checking exit...
2026-08-12 14:21:00,581 [INFO] Checking entry signal...
2026-08-12 14:21:01,299 [WARNING] Could not fetch price data, skipping signal check
2026-08-12 14:21:01,299 [INFO]   No signal (need +10%, have +0.00%)
2026-08-12 14:21:01,299 [INFO] ────────────────────────────────────────────────────────────
2026-08-12 14:21:01,300 [INFO] No open position
2026-08-12 14:21:01,300 [INFO] No closed trades yet
2026-08-12 14:21:01,300 [INFO] ────────────────────────────────────────────────────────────
2026-08-12 15:29:17,450 [INFO] ============================================================
2026-08-12 15:29:17,450 [INFO] LCID Short Trader — PAPER | 2026-08-12 11:29 ET
2026-08-12 15:29:17,450 [INFO] ============================================================
2026-08-12 15:29:17,450 [INFO] Checking exit...
2026-08-12 15:29:17,450 [INFO] Checking entry signal...
2026-08-12 15:29:17,707 [WARNING] Could not fetch price data, skipping signal check
2026-08-12 15:29:17,707 [INFO]   No signal (need +10%, have +0.00%)
2026-08-12 15:29:17,708 [INFO] ────────────────────────────────────────────────────────────
2026-08-12 15:29:17,708 [INFO] No open position
2026-08-12 15:29:17,708 [INFO] No closed trades yet
2026-08-12 15:29:17,708 [INFO] ────────────────────────────────────────────────────────────
2026-08-12 16:29:33,741 [INFO] ============================================================
2026-08-12 16:29:33,741 [INFO] LCID Short Trader — PAPER | 2026-08-12 12:29 ET
2026-08-12 16:29:33,741 [INFO] ============================================================
2026-08-12 16:29:33,741 [INFO] Checking exit...
2026-08-12 16:29:33,741 [INFO] Checking entry signal...
2026-08-12 16:29:33,967 [WARNING] Could not fetch price data, skipping signal check
2026-08-12 16:29:33,967 [INFO]   No signal (need +10%, have +0.00%)
2026-08-12 16:29:33,967 [INFO] ────────────────────────────────────────────────────────────
2026-08-12 16:29:33,967 [INFO] No open position
2026-08-12 16:29:33,967 [INFO] No closed trades yet
2026-08-12 16:29:33,967 [INFO] ────────────────────────────────────────────────────────────
2026-08-12 17:32:56,039 [INFO] ============================================================
2026-08-12 17:32:56,039 [INFO] LCID Short Trader — PAPER | 2026-08-12 13:32 ET
2026-08-12 17:32:56,039 [INFO] ============================================================
2026-08-12 17:32:56,039 [INFO] Checking exit...
2026-08-12 17:32:56,039 [INFO] Checking entry signal...
2026-08-12 17:32:56,406 [WARNING] Could not fetch price data, skipping signal check
2026-08-12 17:32:56,406 [INFO]   No signal (need +10%, have +0.00%)
2026-08-12 17:32:56,407 [INFO] ────────────────────────────────────────────────────────────
2026-08-12 17:32:56,407 [INFO] No open position
2026-08-12 17:32:56,407 [INFO] No closed trades yet
2026-08-12 17:32:56,407 [INFO] ────────────────────────────────────────────────────────────
2026-08-12 18:37:22,472 [INFO] ============================================================
2026-08-12 18:37:22,472 [INFO] LCID Short Trader — PAPER | 2026-08-12 14:37 ET
2026-08-12 18:37:22,472 [INFO] ============================================================
2026-08-12 18:37:22,472 [INFO] Checking exit...
2026-08-12 18:37:22,472 [INFO] Checking entry signal...
2026-08-12 18:37:23,054 [WARNING] Could not fetch price data, skipping signal check
2026-08-12 18:37:23,054 [INFO]   No signal (need +10%, have +0.00%)
2026-08-12 18:37:23,054 [INFO] ────────────────────────────────────────────────────────────
2026-08-12 18:37:23,054 [INFO] No open position
2026-08-12 18:37:23,054 [INFO] No closed trades yet
2026-08-12 18:37:23,054 [INFO] ────────────────────────────────────────────────────────────
2026-08-12 19:49:22,650 [INFO] ============================================================
2026-08-12 19:49:22,650 [INFO] LCID Short Trader — PAPER | 2026-08-12 15:49 ET
2026-08-12 19:49:22,650 [INFO] ============================================================
2026-08-12 19:49:22,650 [INFO] Checking exit...
2026-08-12 19:49:22,650 [INFO] Checking entry signal...
2026-08-12 19:49:22,958 [WARNING] Could not fetch price data, skipping signal check
2026-08-12 19:49:22,958 [INFO]   No signal (need +10%, have +0.00%)
2026-08-12 19:49:22,958 [INFO] ────────────────────────────────────────────────────────────
2026-08-12 19:49:22,958 [INFO] No open position
2026-08-12 19:49:22,958 [INFO] No closed trades yet
2026-08-12 19:49:22,958 [INFO] ────────────────────────────────────────────────────────────
2026-08-12 20:46:57,974 [INFO] ============================================================
2026-08-12 20:46:57,975 [INFO] LCID Short Trader — PAPER | 2026-08-12 16:46 ET
2026-08-12 20:46:57,975 [INFO] ============================================================
2026-08-12 20:46:57,975 [INFO] Outside market hours (9:30–16:00 ET weekdays) — nothing to do
2026-08-12 20:46:57,975 [INFO] ────────────────────────────────────────────────────────────
2026-08-12 20:46:57,975 [INFO] No open position
2026-08-12 20:46:57,975 [INFO] No closed trades yet
2026-08-12 20:46:57,975 [INFO] ────────────────────────────────────────────────────────────
2026-08-12 21:42:47,608 [INFO] ============================================================
2026-08-12 21:42:47,608 [INFO] LCID Short Trader — PAPER | 2026-08-12 17:42 ET
2026-08-12 21:42:47,608 [INFO] ============================================================
2026-08-12 21:42:47,608 [INFO] Outside market hours (9:30–16:00 ET weekdays) — nothing to do
2026-08-12 21:42:47,608 [INFO] ────────────────────────────────────────────────────────────
2026-08-12 21:42:47,608 [INFO] No open position
2026-08-12 21:42:47,608 [INFO] No closed trades yet
2026-08-12 21:42:47,608 [INFO] ────────────────────────────────────────────────────────────
2026-08-12 22:24:37,610 [INFO] ============================================================
2026-08-12 22:24:37,610 [INFO] LCID Short Trader — PAPER | 2026-08-12 18:24 ET
2026-08-12 22:24:37,610 [INFO] ============================================================
2026-08-12 22:24:37,610 [INFO] Outside market hours (9:30–16:00 ET weekdays) — nothing to do
2026-08-12 22:24:37,610 [INFO] ────────────────────────────────────────────────────────────
2026-08-12 22:24:37,610 [INFO] No open position
2026-08-12 22:24:37,611 [INFO] No closed trades yet
2026-08-12 22:24:37,611 [INFO] ────────────────────────────────────────────────────────────
2026-08-13 14:22:44,989 [INFO] ============================================================
2026-08-13 14:22:44,990 [INFO] LCID Short Trader — PAPER | 2026-08-13 10:22 ET
2026-08-13 14:22:44,990 [INFO] ============================================================
2026-08-13 14:22:44,990 [INFO] Checking exit...
2026-08-13 14:22:44,990 [INFO] Checking entry signal...
2026-08-13 14:22:45,371 [WARNING] Could not fetch price data, skipping signal check
2026-08-13 14:22:45,371 [INFO]   No signal (need +10%, have +0.00%)
2026-08-13 14:22:45,372 [INFO] ────────────────────────────────────────────────────────────
2026-08-13 14:22:45,372 [INFO] No open position
2026-08-13 14:22:45,372 [INFO] No closed trades yet
2026-08-13 14:22:45,372 [INFO] ────────────────────────────────────────────────────────────
2026-08-13 15:31:00,993 [INFO] ============================================================
2026-08-13 15:31:00,994 [INFO] LCID Short Trader — PAPER | 2026-08-13 11:31 ET
2026-08-13 15:31:00,994 [INFO] ============================================================
2026-08-13 15:31:00,994 [INFO] Checking exit...
2026-08-13 15:31:00,994 [INFO] Checking entry signal...
2026-08-13 15:31:01,407 [WARNING] Could not fetch price data, skipping signal check
2026-08-13 15:31:01,407 [INFO]   No signal (need +10%, have +0.00%)
2026-08-13 15:31:01,407 [INFO] ────────────────────────────────────────────────────────────
2026-08-13 15:31:01,407 [INFO] No open position
2026-08-13 15:31:01,407 [INFO] No closed trades yet
2026-08-13 15:31:01,407 [INFO] ────────────────────────────────────────────────────────────
2026-08-13 16:36:05,860 [INFO] ============================================================
2026-08-13 16:36:05,860 [INFO] LCID Short Trader — PAPER | 2026-08-13 12:36 ET
2026-08-13 16:36:05,860 [INFO] ============================================================
2026-08-13 16:36:05,860 [INFO] Checking exit...
2026-08-13 16:36:05,860 [INFO] Checking entry signal...
2026-08-13 16:36:06,601 [WARNING] Could not fetch price data, skipping signal check
2026-08-13 16:36:06,602 [INFO]   No signal (need +10%, have +0.00%)
2026-08-13 16:36:06,602 [INFO] ────────────────────────────────────────────────────────────
2026-08-13 16:36:06,602 [INFO] No open position
2026-08-13 16:36:06,602 [INFO] No closed trades yet
2026-08-13 16:36:06,602 [INFO] ────────────────────────────────────────────────────────────
2026-08-13 17:43:42,410 [INFO] ============================================================
2026-08-13 17:43:42,411 [INFO] LCID Short Trader — PAPER | 2026-08-13 13:43 ET
2026-08-13 17:43:42,411 [INFO] ============================================================
2026-08-13 17:43:42,411 [INFO] Checking exit...
2026-08-13 17:43:42,411 [INFO] Checking entry signal...
2026-08-13 17:43:42,963 [WARNING] Could not fetch price data, skipping signal check
2026-08-13 17:43:42,964 [INFO]   No signal (need +10%, have +0.00%)
2026-08-13 17:43:42,964 [INFO] ────────────────────────────────────────────────────────────
2026-08-13 17:43:42,964 [INFO] No open position
2026-08-13 17:43:42,964 [INFO] No closed trades yet
2026-08-13 17:43:42,964 [INFO] ────────────────────────────────────────────────────────────
2026-08-13 18:39:57,570 [INFO] ============================================================
2026-08-13 18:39:57,570 [INFO] LCID Short Trader — PAPER | 2026-08-13 14:39 ET
2026-08-13 18:39:57,570 [INFO] ============================================================
2026-08-13 18:39:57,570 [INFO] Checking exit...
2026-08-13 18:39:57,570 [INFO] Checking entry signal...
2026-08-13 18:39:57,851 [WARNING] Could not fetch price data, skipping signal check
2026-08-13 18:39:57,851 [INFO]   No signal (need +10%, have +0.00%)
2026-08-13 18:39:57,874 [INFO] ────────────────────────────────────────────────────────────
2026-08-13 18:39:57,874 [INFO] No open position
2026-08-13 18:39:57,875 [INFO] No closed trades yet
2026-08-13 18:39:57,875 [INFO] ────────────────────────────────────────────────────────────
2026-08-13 19:44:44,789 [INFO] ============================================================
2026-08-13 19:44:44,789 [INFO] LCID Short Trader — PAPER | 2026-08-13 15:44 ET
2026-08-13 19:44:44,789 [INFO] ============================================================
2026-08-13 19:44:44,790 [INFO] Checking exit...
2026-08-13 19:44:44,790 [INFO] Checking entry signal...
2026-08-13 19:44:45,008 [WARNING] Could not fetch price data, skipping signal check
2026-08-13 19:44:45,008 [INFO]   No signal (need +10%, have +0.00%)
2026-08-13 19:44:45,008 [INFO] ────────────────────────────────────────────────────────────
2026-08-13 19:44:45,008 [INFO] No open position
2026-08-13 19:44:45,008 [INFO] No closed trades yet
2026-08-13 19:44:45,008 [INFO] ────────────────────────────────────────────────────────────
2026-08-13 20:24:12,427 [INFO] ============================================================
2026-08-13 20:24:12,427 [INFO] LCID Short Trader — PAPER | 2026-08-13 16:24 ET
2026-08-13 20:24:12,427 [INFO] ============================================================
2026-08-13 20:24:12,427 [INFO] Outside market hours (9:30–16:00 ET weekdays) — nothing to do
2026-08-13 20:24:12,427 [INFO] ────────────────────────────────────────────────────────────
2026-08-13 20:24:12,427 [INFO] No open position
2026-08-13 20:24:12,427 [INFO] No closed trades yet
2026-08-13 20:24:12,427 [INFO] ────────────────────────────────────────────────────────────
2026-08-13 21:22:01,445 [INFO] ============================================================
2026-08-13 21:22:01,446 [INFO] LCID Short Trader — PAPER | 2026-08-13 17:22 ET
2026-08-13 21:22:01,446 [INFO] ============================================================
2026-08-13 21:22:01,446 [INFO] Outside market hours (9:30–16:00 ET weekdays) — nothing to do
2026-08-13 21:22:01,446 [INFO] ────────────────────────────────────────────────────────────
2026-08-13 21:22:01,446 [INFO] No open position
2026-08-13 21:22:01,446 [INFO] No closed trades yet
2026-08-13 21:22:01,446 [INFO] ────────────────────────────────────────────────────────────
2026-08-13 21:42:57,952 [INFO] ============================================================
2026-08-13 21:42:57,953 [INFO] LCID Short Trader — PAPER | 2026-08-13 17:42 ET
2026-08-13 21:42:57,953 [INFO] ============================================================
2026-08-13 21:42:57,953 [INFO] Outside market hours (9:30–16:00 ET weekdays) — nothing to do
2026-08-13 21:42:57,953 [INFO] ────────────────────────────────────────────────────────────
2026-08-13 21:42:57,953 [INFO] No open position
2026-08-13 21:42:57,953 [INFO] No closed trades yet
2026-08-13 21:42:57,953 [INFO] ────────────────────────────────────────────────────────────
2026-08-13 22:25:43,669 [INFO] ============================================================
2026-08-13 22:25:43,669 [INFO] LCID Short Trader — PAPER | 2026-08-13 18:25 ET
2026-08-13 22:25:43,669 [INFO] ============================================================
2026-08-13 22:25:43,670 [INFO] Outside market hours (9:30–16:00 ET weekdays) — nothing to do
2026-08-13 22:25:43,670 [INFO] ────────────────────────────────────────────────────────────
2026-08-13 22:25:43,670 [INFO] No open position
2026-08-13 22:25:43,670 [INFO] No closed trades yet
2026-08-13 22:25:43,670 [INFO] ────────────────────────────────────────────────────────────
2026-08-14 14:16:16,944 [INFO] ============================================================
2026-08-14 14:16:16,945 [INFO] LCID Short Trader — PAPER | 2026-08-14 10:16 ET
2026-08-14 14:16:16,945 [INFO] ============================================================
2026-08-14 14:16:16,945 [INFO] Checking exit...
2026-08-14 14:16:16,945 [INFO] Checking entry signal...
2026-08-14 14:16:17,181 [WARNING] Could not fetch price data, skipping signal check
2026-08-14 14:16:17,181 [INFO]   No signal (need +10%, have +0.00%)
2026-08-14 14:16:17,181 [INFO] ────────────────────────────────────────────────────────────
2026-08-14 14:16:17,181 [INFO] No open position
2026-08-14 14:16:17,181 [INFO] No closed trades yet
2026-08-14 14:16:17,181 [INFO] ────────────────────────────────────────────────────────────
2026-08-14 15:22:37,095 [INFO] ============================================================
2026-08-14 15:22:37,095 [INFO] LCID Short Trader — PAPER | 2026-08-14 11:22 ET
2026-08-14 15:22:37,096 [INFO] ============================================================
2026-08-14 15:22:37,096 [INFO] Checking exit...
2026-08-14 15:22:37,096 [INFO] Checking entry signal...
2026-08-14 15:22:37,621 [WARNING] Could not fetch price data, skipping signal check
2026-08-14 15:22:37,621 [INFO]   No signal (need +10%, have +0.00%)
2026-08-14 15:22:37,621 [INFO] ────────────────────────────────────────────────────────────
2026-08-14 15:22:37,621 [INFO] No open position
2026-08-14 15:22:37,621 [INFO] No closed trades yet
2026-08-14 15:22:37,622 [INFO] ────────────────────────────────────────────────────────────
2026-08-14 16:24:14,552 [INFO] ============================================================
2026-08-14 16:24:14,552 [INFO] LCID Short Trader — PAPER | 2026-08-14 12:24 ET
2026-08-14 16:24:14,552 [INFO] ============================================================
2026-08-14 16:24:14,553 [INFO] Checking exit...
2026-08-14 16:24:14,553 [INFO] Checking entry signal...
2026-08-14 16:24:14,850 [WARNING] Could not fetch price data, skipping signal check
2026-08-14 16:24:14,850 [INFO]   No signal (need +10%, have +0.00%)
2026-08-14 16:24:14,850 [INFO] ────────────────────────────────────────────────────────────
2026-08-14 16:24:14,851 [INFO] No open position
2026-08-14 16:24:14,851 [INFO] No closed trades yet
2026-08-14 16:24:14,851 [INFO] ────────────────────────────────────────────────────────────
2026-08-14 17:29:21,243 [INFO] ============================================================
2026-08-14 17:29:21,243 [INFO] LCID Short Trader — PAPER | 2026-08-14 13:29 ET
2026-08-14 17:29:21,243 [INFO] ============================================================
2026-08-14 17:29:21,243 [INFO] Checking exit...
2026-08-14 17:29:21,243 [INFO] Checking entry signal...
2026-08-14 17:29:21,905 [WARNING] Could not fetch price data, skipping signal check
2026-08-14 17:29:21,905 [INFO]   No signal (need +10%, have +0.00%)
2026-08-14 17:29:21,950 [INFO] ────────────────────────────────────────────────────────────
2026-08-14 17:29:21,950 [INFO] No open position
2026-08-14 17:29:21,950 [INFO] No closed trades yet
2026-08-14 17:29:21,950 [INFO] ────────────────────────────────────────────────────────────
2026-08-14 18:27:46,643 [INFO] ============================================================
2026-08-14 18:27:46,643 [INFO] LCID Short Trader — PAPER | 2026-08-14 14:27 ET
2026-08-14 18:27:46,643 [INFO] ============================================================
2026-08-14 18:27:46,643 [INFO] Checking exit...
2026-08-14 18:27:46,643 [INFO] Checking entry signal...
2026-08-14 18:27:47,173 [WARNING] Could not fetch price data, skipping signal check
2026-08-14 18:27:47,173 [INFO]   No signal (need +10%, have +0.00%)
2026-08-14 18:27:47,173 [INFO] ────────────────────────────────────────────────────────────
2026-08-14 18:27:47,174 [INFO] No open position
2026-08-14 18:27:47,174 [INFO] No closed trades yet
2026-08-14 18:27:47,174 [INFO] ────────────────────────────────────────────────────────────
2026-08-14 19:30:32,366 [INFO] ============================================================
2026-08-14 19:30:32,366 [INFO] LCID Short Trader — PAPER | 2026-08-14 15:30 ET
2026-08-14 19:30:32,366 [INFO] ============================================================
2026-08-14 19:30:32,366 [INFO] Checking exit...
2026-08-14 19:30:32,366 [INFO] Checking entry signal...
2026-08-14 19:30:33,015 [WARNING] Could not fetch price data, skipping signal check
2026-08-14 19:30:33,015 [INFO]   No signal (need +10%, have +0.00%)
2026-08-14 19:30:33,022 [INFO] ────────────────────────────────────────────────────────────
2026-08-14 19:30:33,022 [INFO] No open position
2026-08-14 19:30:33,022 [INFO] No closed trades yet
2026-08-14 19:30:33,022 [INFO] ────────────────────────────────────────────────────────────
2026-08-14 20:06:01,017 [INFO] ============================================================
2026-08-14 20:06:01,017 [INFO] LCID Short Trader — PAPER | 2026-08-14 16:06 ET
2026-08-14 20:06:01,017 [INFO] ============================================================
2026-08-14 20:06:01,018 [INFO] Outside market hours (9:30–16:00 ET weekdays) — nothing to do
2026-08-14 20:06:01,018 [INFO] ────────────────────────────────────────────────────────────
2026-08-14 20:06:01,018 [INFO] No open position
2026-08-14 20:06:01,018 [INFO] No closed trades yet
2026-08-14 20:06:01,018 [INFO] ────────────────────────────────────────────────────────────
2026-08-14 20:46:09,412 [INFO] ============================================================
2026-08-14 20:46:09,412 [INFO] LCID Short Trader — PAPER | 2026-08-14 16:46 ET
2026-08-14 20:46:09,412 [INFO] ============================================================
2026-08-14 20:46:09,412 [INFO] Outside market hours (9:30–16:00 ET weekdays) — nothing to do
2026-08-14 20:46:09,413 [INFO] ────────────────────────────────────────────────────────────
2026-08-14 20:46:09,413 [INFO] No open position
2026-08-14 20:46:09,413 [INFO] No closed trades yet
2026-08-14 20:46:09,413 [INFO] ────────────────────────────────────────────────────────────
2026-08-14 21:23:24,237 [INFO] ============================================================
2026-08-14 21:23:24,237 [INFO] LCID Short Trader — PAPER | 2026-08-14 17:23 ET
2026-08-14 21:23:24,237 [INFO] ============================================================
2026-08-14 21:23:24,238 [INFO] Outside market hours (9:30–16:00 ET weekdays) — nothing to do
2026-08-14 21:23:24,238 [INFO] ────────────────────────────────────────────────────────────
2026-08-14 21:23:24,238 [INFO] No open position
2026-08-14 21:23:24,238 [INFO] No closed trades yet
2026-08-14 21:23:24,238 [INFO] ────────────────────────────────────────────────────────────
2026-08-14 21:49:43,562 [INFO] ============================================================
2026-08-14 21:49:43,563 [INFO] LCID Short Trader — PAPER | 2026-08-14 17:49 ET
2026-08-14 21:49:43,563 [INFO] ============================================================
2026-08-14 21:49:43,563 [INFO] Outside market hours (9:30–16:00 ET weekdays) — nothing to do
2026-08-14 21:49:43,563 [INFO] ────────────────────────────────────────────────────────────
2026-08-14 21:49:43,563 [INFO] No open position
2026-08-14 21:49:43,563 [INFO] No closed trades yet
2026-08-14 21:49:43,563 [INFO] ────────────────────────────────────────────────────────────
2026-08-17 13:40:10,095 [INFO] ============================================================
2026-08-17 13:40:10,095 [INFO] LCID Short Trader — PAPER | 2026-08-17 09:40 ET
2026-08-17 13:40:10,095 [INFO] ============================================================
2026-08-17 13:40:10,095 [INFO] Checking exit...
2026-08-17 13:40:10,095 [INFO] Checking entry signal...
2026-08-17 13:40:10,391 [WARNING] Could not fetch price data, skipping signal check
2026-08-17 13:40:10,391 [INFO]   No signal (need +10%, have +0.00%)
2026-08-17 13:40:10,392 [INFO] ────────────────────────────────────────────────────────────
2026-08-17 13:40:10,392 [INFO] No open position
2026-08-17 13:40:10,392 [INFO] No closed trades yet
2026-08-17 13:40:10,392 [INFO] ────────────────────────────────────────────────────────────
2026-08-17 14:05:31,173 [INFO] ============================================================
2026-08-17 14:05:31,173 [INFO] LCID Short Trader — PAPER | 2026-08-17 10:05 ET
2026-08-17 14:05:31,173 [INFO] ============================================================
2026-08-17 14:05:31,173 [INFO] Checking exit...
2026-08-17 14:05:31,173 [INFO] Checking entry signal...
2026-08-17 14:05:31,615 [WARNING] Could not fetch price data, skipping signal check
2026-08-17 14:05:31,615 [INFO]   No signal (need +10%, have +0.00%)
2026-08-17 14:05:31,615 [INFO] ────────────────────────────────────────────────────────────
2026-08-17 14:05:31,615 [INFO] No open position
2026-08-17 14:05:31,616 [INFO] No closed trades yet
2026-08-17 14:05:31,616 [INFO] ────────────────────────────────────────────────────────────
2026-08-17 14:45:26,374 [INFO] ============================================================
2026-08-17 14:45:26,374 [INFO] LCID Short Trader — PAPER | 2026-08-17 10:45 ET
2026-08-17 14:45:26,374 [INFO] ============================================================
2026-08-17 14:45:26,374 [INFO] Checking exit...
2026-08-17 14:45:26,374 [INFO] Checking entry signal...
2026-08-17 14:45:26,793 [WARNING] Could not fetch price data, skipping signal check
2026-08-17 14:45:26,793 [INFO]   No signal (need +10%, have +0.00%)
2026-08-17 14:45:26,794 [INFO] ────────────────────────────────────────────────────────────
2026-08-17 14:45:26,794 [INFO] No open position
2026-08-17 14:45:26,794 [INFO] No closed trades yet
2026-08-17 14:45:26,794 [INFO] ────────────────────────────────────────────────────────────
2026-08-17 15:10:59,390 [INFO] ============================================================
2026-08-17 15:10:59,390 [INFO] LCID Short Trader — PAPER | 2026-08-17 11:10 ET
2026-08-17 15:10:59,390 [INFO] ============================================================
2026-08-17 15:10:59,390 [INFO] Checking exit...
2026-08-17 15:10:59,390 [INFO] Checking entry signal...
2026-08-17 15:11:00,150 [WARNING] Could not fetch price data, skipping signal check
2026-08-17 15:11:00,150 [INFO]   No signal (need +10%, have +0.00%)
2026-08-17 15:11:00,151 [INFO] ────────────────────────────────────────────────────────────
2026-08-17 15:11:00,151 [INFO] No open position
2026-08-17 15:11:00,151 [INFO] No closed trades yet
2026-08-17 15:11:00,151 [INFO] ────────────────────────────────────────────────────────────
2026-08-17 15:41:28,768 [INFO] ============================================================
2026-08-17 15:41:28,768 [INFO] LCID Short Trader — PAPER | 2026-08-17 11:41 ET
2026-08-17 15:41:28,768 [INFO] ============================================================
2026-08-17 15:41:28,769 [INFO] Checking exit...
2026-08-17 15:41:28,769 [INFO] Checking entry signal...
2026-08-17 15:41:29,582 [WARNING] Could not fetch price data, skipping signal check
2026-08-17 15:41:29,582 [INFO]   No signal (need +10%, have +0.00%)
2026-08-17 15:41:29,582 [INFO] ────────────────────────────────────────────────────────────
2026-08-17 15:41:29,582 [INFO] No open position
2026-08-17 15:41:29,582 [INFO] No closed trades yet
2026-08-17 15:41:29,582 [INFO] ────────────────────────────────────────────────────────────
2026-08-17 16:05:31,340 [INFO] ============================================================
2026-08-17 16:05:31,340 [INFO] LCID Short Trader — PAPER | 2026-08-17 12:05 ET
2026-08-17 16:05:31,340 [INFO] ============================================================
2026-08-17 16:05:31,341 [INFO] Checking exit...
2026-08-17 16:05:31,341 [INFO] Checking entry signal...
2026-08-17 16:05:32,223 [WARNING] Could not fetch price data, skipping signal check
2026-08-17 16:05:32,224 [INFO]   No signal (need +10%, have +0.00%)
2026-08-17 16:05:32,224 [INFO] ────────────────────────────────────────────────────────────
2026-08-17 16:05:32,224 [INFO] No open position
2026-08-17 16:05:32,224 [INFO] No closed trades yet
2026-08-17 16:05:32,224 [INFO] ────────────────────────────────────────────────────────────
2026-08-17 16:38:51,896 [INFO] ============================================================
2026-08-17 16:38:51,896 [INFO] LCID Short Trader — PAPER | 2026-08-17 12:38 ET
2026-08-17 16:38:51,896 [INFO] ============================================================
2026-08-17 16:38:51,896 [INFO] Checking exit...
2026-08-17 16:38:51,896 [INFO] Checking entry signal...
2026-08-17 16:38:52,659 [WARNING] Could not fetch price data, skipping signal check
2026-08-17 16:38:52,659 [INFO]   No signal (need +10%, have +0.00%)
2026-08-17 16:38:52,659 [INFO] ────────────────────────────────────────────────────────────
2026-08-17 16:38:52,659 [INFO] No open position
2026-08-17 16:38:52,660 [INFO] No closed trades yet
2026-08-17 16:38:52,660 [INFO] ────────────────────────────────────────────────────────────
2026-08-17 17:04:24,865 [INFO] ============================================================
2026-08-17 17:04:24,865 [INFO] LCID Short Trader — PAPER | 2026-08-17 13:04 ET
2026-08-17 17:04:24,865 [INFO] ============================================================
2026-08-17 17:04:24,865 [INFO] Checking exit...
2026-08-17 17:04:24,865 [INFO] Checking entry signal...
2026-08-17 17:04:25,422 [WARNING] Could not fetch price data, skipping signal check
2026-08-17 17:04:25,422 [INFO]   No signal (need +10%, have +0.00%)
2026-08-17 17:04:25,422 [INFO] ────────────────────────────────────────────────────────────
2026-08-17 17:04:25,422 [INFO] No open position
2026-08-17 17:04:25,422 [INFO] No closed trades yet
2026-08-17 17:04:25,422 [INFO] ────────────────────────────────────────────────────────────
2026-08-17 17:45:19,336 [INFO] ============================================================
2026-08-17 17:45:19,336 [INFO] LCID Short Trader — PAPER | 2026-08-17 13:45 ET
2026-08-17 17:45:19,336 [INFO] ============================================================
2026-08-17 17:45:19,336 [INFO] Checking exit...
2026-08-17 17:45:19,336 [INFO] Checking entry signal...
2026-08-17 17:45:19,725 [WARNING] Could not fetch price data, skipping signal check
2026-08-17 17:45:19,725 [INFO]   No signal (need +10%, have +0.00%)
2026-08-17 17:45:19,725 [INFO] ────────────────────────────────────────────────────────────
2026-08-17 17:45:19,725 [INFO] No open position
2026-08-17 17:45:19,725 [INFO] No closed trades yet
2026-08-17 17:45:19,725 [INFO] ────────────────────────────────────────────────────────────
2026-08-17 18:15:21,536 [INFO] ============================================================
2026-08-17 18:15:21,536 [INFO] LCID Short Trader — PAPER | 2026-08-17 14:15 ET
2026-08-17 18:15:21,536 [INFO] ============================================================
2026-08-17 18:15:21,536 [INFO] Checking exit...
2026-08-17 18:15:21,536 [INFO] Checking entry signal...
2026-08-17 18:15:21,773 [WARNING] Could not fetch price data, skipping signal check
2026-08-17 18:15:21,773 [INFO]   No signal (need +10%, have +0.00%)
2026-08-17 18:15:21,773 [INFO] ────────────────────────────────────────────────────────────
2026-08-17 18:15:21,774 [INFO] No open position
2026-08-17 18:15:21,774 [INFO] No closed trades yet
2026-08-17 18:15:21,774 [INFO] ────────────────────────────────────────────────────────────
2026-08-17 19:02:00,572 [INFO] ============================================================
2026-08-17 19:02:00,572 [INFO] LCID Short Trader — PAPER | 2026-08-17 15:02 ET
2026-08-17 19:02:00,572 [INFO] ============================================================
2026-08-17 19:02:00,572 [INFO] Checking exit...
2026-08-17 19:02:00,573 [INFO] Checking entry signal...
2026-08-17 19:02:00,854 [WARNING] Could not fetch price data, skipping signal check
2026-08-17 19:02:00,855 [INFO]   No signal (need +10%, have +0.00%)
2026-08-17 19:02:00,855 [INFO] ────────────────────────────────────────────────────────────
2026-08-17 19:02:00,855 [INFO] No open position
2026-08-17 19:02:00,855 [INFO] No closed trades yet
2026-08-17 19:02:00,855 [INFO] ────────────────────────────────────────────────────────────
2026-08-17 19:42:37,279 [INFO] ============================================================
2026-08-17 19:42:37,279 [INFO] LCID Short Trader — PAPER | 2026-08-17 15:42 ET
2026-08-17 19:42:37,279 [INFO] ============================================================
2026-08-17 19:42:37,280 [INFO] Checking exit...
2026-08-17 19:42:37,280 [INFO] Checking entry signal...
2026-08-17 19:42:37,617 [WARNING] Could not fetch price data, skipping signal check
2026-08-17 19:42:37,617 [INFO]   No signal (need +10%, have +0.00%)
2026-08-17 19:42:37,617 [INFO] ────────────────────────────────────────────────────────────
2026-08-17 19:42:37,617 [INFO] No open position
2026-08-17 19:42:37,618 [INFO] No closed trades yet
2026-08-17 19:42:37,618 [INFO] ────────────────────────────────────────────────────────────
2026-08-17 20:02:35,671 [INFO] ============================================================
2026-08-17 20:02:35,672 [INFO] LCID Short Trader — PAPER | 2026-08-17 16:02 ET
2026-08-17 20:02:35,672 [INFO] ============================================================
2026-08-17 20:02:35,672 [INFO] Outside market hours (9:30–16:00 ET weekdays) — nothing to do
2026-08-17 20:02:35,672 [INFO] ────────────────────────────────────────────────────────────
2026-08-17 20:02:35,672 [INFO] No open position
2026-08-17 20:02:35,672 [INFO] No closed trades yet
2026-08-17 20:02:35,672 [INFO] ────────────────────────────────────────────────────────────
2026-08-17 20:44:33,768 [INFO] ============================================================
2026-08-17 20:44:33,768 [INFO] LCID Short Trader — PAPER | 2026-08-17 16:44 ET
2026-08-17 20:44:33,768 [INFO] ============================================================
2026-08-17 20:44:33,768 [INFO] Outside market hours (9:30–16:00 ET weekdays) — nothing to do
2026-08-17 20:44:33,768 [INFO] ────────────────────────────────────────────────────────────
2026-08-17 20:44:33,768 [INFO] No open position
2026-08-17 20:44:33,768 [INFO] No closed trades yet
2026-08-17 20:44:33,768 [INFO] ────────────────────────────────────────────────────────────
2026-08-17 21:10:28,535 [INFO] ============================================================
2026-08-17 21:10:28,535 [INFO] LCID Short Trader — PAPER | 2026-08-17 17:10 ET
2026-08-17 21:10:28,535 [INFO] ============================================================
2026-08-17 21:10:28,535 [INFO] Outside market hours (9:30–16:00 ET weekdays) — nothing to do
2026-08-17 21:10:28,535 [INFO] ────────────────────────────────────────────────────────────
2026-08-17 21:10:28,535 [INFO] No open position
2026-08-17 21:10:28,535 [INFO] No closed trades yet
2026-08-17 21:10:28,535 [INFO] ────────────────────────────────────────────────────────────
2026-08-17 21:24:37,582 [INFO] ============================================================
2026-08-17 21:24:37,582 [INFO] LCID Short Trader — PAPER | 2026-08-17 17:24 ET
2026-08-17 21:24:37,582 [INFO] ============================================================
2026-08-17 21:24:37,582 [INFO] Outside market hours (9:30–16:00 ET weekdays) — nothing to do
2026-08-17 21:24:37,582 [INFO] ────────────────────────────────────────────────────────────
2026-08-17 21:24:37,583 [INFO] No open position
2026-08-17 21:24:37,583 [INFO] No closed trades yet
2026-08-17 21:24:37,583 [INFO] ────────────────────────────────────────────────────────────
2026-08-17 21:50:13,038 [INFO] ============================================================
2026-08-17 21:50:13,038 [INFO] LCID Short Trader — PAPER | 2026-08-17 17:50 ET
2026-08-17 21:50:13,038 [INFO] ============================================================
2026-08-17 21:50:13,038 [INFO] Outside market hours (9:30–16:00 ET weekdays) — nothing to do
2026-08-17 21:50:13,038 [INFO] ────────────────────────────────────────────────────────────
2026-08-17 21:50:13,038 [INFO] No open position
2026-08-17 21:50:13,038 [INFO] No closed trades yet
2026-08-17 21:50:13,038 [INFO] ────────────────────────────────────────────────────────────
2026-08-18 13:43:14,861 [INFO] ============================================================
2026-08-18 13:43:14,861 [INFO] LCID Short Trader — PAPER | 2026-08-18 09:43 ET
2026-08-18 13:43:14,861 [INFO] ============================================================
2026-08-18 13:43:14,862 [INFO] Checking exit...
2026-08-18 13:43:14,862 [INFO] Checking entry signal...
2026-08-18 13:43:15,545 [WARNING] Could not fetch price data, skipping signal check
2026-08-18 13:43:15,545 [INFO]   No signal (need +10%, have +0.00%)
2026-08-18 13:43:15,545 [INFO] ────────────────────────────────────────────────────────────
2026-08-18 13:43:15,545 [INFO] No open position
2026-08-18 13:43:15,545 [INFO] No closed trades yet
2026-08-18 13:43:15,545 [INFO] ────────────────────────────────────────────────────────────
2026-08-18 14:17:55,170 [INFO] ============================================================
2026-08-18 14:17:55,170 [INFO] LCID Short Trader — PAPER | 2026-08-18 10:17 ET
2026-08-18 14:17:55,170 [INFO] ============================================================
2026-08-18 14:17:55,170 [INFO] Checking exit...
2026-08-18 14:17:55,170 [INFO] Checking entry signal...
2026-08-18 14:17:55,531 [WARNING] Could not fetch price data, skipping signal check
2026-08-18 14:17:55,531 [INFO]   No signal (need +10%, have +0.00%)
2026-08-18 14:17:55,532 [INFO] ────────────────────────────────────────────────────────────
2026-08-18 14:17:55,532 [INFO] No open position
2026-08-18 14:17:55,532 [INFO] No closed trades yet
2026-08-18 14:17:55,532 [INFO] ────────────────────────────────────────────────────────────
2026-08-18 15:02:07,512 [INFO] ============================================================
2026-08-18 15:02:07,513 [INFO] LCID Short Trader — PAPER | 2026-08-18 11:02 ET
2026-08-18 15:02:07,513 [INFO] ============================================================
2026-08-18 15:02:07,513 [INFO] Checking exit...
2026-08-18 15:02:07,513 [INFO] Checking entry signal...
2026-08-18 15:02:07,811 [WARNING] Could not fetch price data, skipping signal check
2026-08-18 15:02:07,811 [INFO]   No signal (need +10%, have +0.00%)
2026-08-18 15:02:07,811 [INFO] ────────────────────────────────────────────────────────────
2026-08-18 15:02:07,811 [INFO] No open position
2026-08-18 15:02:07,811 [INFO] No closed trades yet
2026-08-18 15:02:07,811 [INFO] ────────────────────────────────────────────────────────────
2026-08-18 15:47:00,151 [INFO] ============================================================
2026-08-18 15:47:00,151 [INFO] LCID Short Trader — PAPER | 2026-08-18 11:47 ET
2026-08-18 15:47:00,151 [INFO] ============================================================
2026-08-18 15:47:00,151 [INFO] Checking exit...
2026-08-18 15:47:00,151 [INFO] Checking entry signal...
2026-08-18 15:47:00,854 [WARNING] Could not fetch price data, skipping signal check
2026-08-18 15:47:00,854 [INFO]   No signal (need +10%, have +0.00%)
2026-08-18 15:47:00,855 [INFO] ────────────────────────────────────────────────────────────
2026-08-18 15:47:00,855 [INFO] No open position
2026-08-18 15:47:00,855 [INFO] No closed trades yet
2026-08-18 15:47:00,855 [INFO] ────────────────────────────────────────────────────────────
2026-08-18 16:33:03,115 [INFO] ============================================================
2026-08-18 16:33:03,115 [INFO] LCID Short Trader — PAPER | 2026-08-18 12:33 ET
2026-08-18 16:33:03,115 [INFO] ============================================================
2026-08-18 16:33:03,115 [INFO] Checking exit...
2026-08-18 16:33:03,115 [INFO] Checking entry signal...
2026-08-18 16:33:03,561 [WARNING] Could not fetch price data, skipping signal check
2026-08-18 16:33:03,561 [INFO]   No signal (need +10%, have +0.00%)
2026-08-18 16:33:03,561 [INFO] ────────────────────────────────────────────────────────────
2026-08-18 16:33:03,561 [INFO] No open position
2026-08-18 16:33:03,561 [INFO] No closed trades yet
2026-08-18 16:33:03,561 [INFO] ────────────────────────────────────────────────────────────
2026-08-18 17:04:59,385 [INFO] ============================================================
2026-08-18 17:04:59,385 [INFO] LCID Short Trader — PAPER | 2026-08-18 13:04 ET
2026-08-18 17:04:59,385 [INFO] ============================================================
2026-08-18 17:04:59,385 [INFO] Checking exit...
2026-08-18 17:04:59,385 [INFO] Checking entry signal...
2026-08-18 17:05:00,234 [WARNING] Could not fetch price data, skipping signal check
2026-08-18 17:05:00,234 [INFO]   No signal (need +10%, have +0.00%)
2026-08-18 17:05:00,234 [INFO] ────────────────────────────────────────────────────────────
2026-08-18 17:05:00,234 [INFO] No open position
2026-08-18 17:05:00,234 [INFO] No closed trades yet
2026-08-18 17:05:00,234 [INFO] ────────────────────────────────────────────────────────────
2026-08-18 17:43:50,887 [INFO] ============================================================
2026-08-18 17:43:50,887 [INFO] LCID Short Trader — PAPER | 2026-08-18 13:43 ET
2026-08-18 17:43:50,887 [INFO] ============================================================
2026-08-18 17:43:50,887 [INFO] Checking exit...
2026-08-18 17:43:50,887 [INFO] Checking entry signal...
2026-08-18 17:43:51,425 [WARNING] Could not fetch price data, skipping signal check
2026-08-18 17:43:51,425 [INFO]   No signal (need +10%, have +0.00%)
2026-08-18 17:43:51,426 [INFO] ────────────────────────────────────────────────────────────
2026-08-18 17:43:51,426 [INFO] No open position
2026-08-18 17:43:51,426 [INFO] No closed trades yet
2026-08-18 17:43:51,426 [INFO] ────────────────────────────────────────────────────────────
2026-08-18 18:13:21,137 [INFO] ============================================================
2026-08-18 18:13:21,137 [INFO] LCID Short Trader — PAPER | 2026-08-18 14:13 ET
2026-08-18 18:13:21,137 [INFO] ============================================================
2026-08-18 18:13:21,137 [INFO] Checking exit...
2026-08-18 18:13:21,137 [INFO] Checking entry signal...
2026-08-18 18:13:21,475 [WARNING] Could not fetch price data, skipping signal check
2026-08-18 18:13:21,475 [INFO]   No signal (need +10%, have +0.00%)
2026-08-18 18:13:21,476 [INFO] ────────────────────────────────────────────────────────────
2026-08-18 18:13:21,476 [INFO] No open position
2026-08-18 18:13:21,476 [INFO] No closed trades yet
2026-08-18 18:13:21,476 [INFO] ────────────────────────────────────────────────────────────
2026-08-18 18:59:21,807 [INFO] ============================================================
2026-08-18 18:59:21,807 [INFO] LCID Short Trader — PAPER | 2026-08-18 14:59 ET
2026-08-18 18:59:21,807 [INFO] ============================================================
2026-08-18 18:59:21,807 [INFO] Checking exit...
2026-08-18 18:59:21,807 [INFO] Checking entry signal...
2026-08-18 18:59:22,548 [WARNING] Could not fetch price data, skipping signal check
2026-08-18 18:59:22,549 [INFO]   No signal (need +10%, have +0.00%)
2026-08-18 18:59:22,549 [INFO] ────────────────────────────────────────────────────────────
2026-08-18 18:59:22,549 [INFO] No open position
2026-08-18 18:59:22,549 [INFO] No closed trades yet
2026-08-18 18:59:22,549 [INFO] ────────────────────────────────────────────────────────────
2026-08-18 19:34:02,923 [INFO] ============================================================
2026-08-18 19:34:02,923 [INFO] LCID Short Trader — PAPER | 2026-08-18 15:34 ET
2026-08-18 19:34:02,923 [INFO] ============================================================
2026-08-18 19:34:02,924 [INFO] Checking exit...
2026-08-18 19:34:02,924 [INFO] Checking entry signal...
2026-08-18 19:34:03,584 [WARNING] Could not fetch price data, skipping signal check
2026-08-18 19:34:03,584 [INFO]   No signal (need +10%, have +0.00%)
2026-08-18 19:34:03,584 [INFO] ────────────────────────────────────────────────────────────
2026-08-18 19:34:03,584 [INFO] No open position
2026-08-18 19:34:03,584 [INFO] No closed trades yet
2026-08-18 19:34:03,584 [INFO] ────────────────────────────────────────────────────────────
2026-08-18 19:58:06,630 [INFO] ============================================================
2026-08-18 19:58:06,630 [INFO] LCID Short Trader — PAPER | 2026-08-18 15:58 ET
2026-08-18 19:58:06,630 [INFO] ============================================================
2026-08-18 19:58:06,630 [INFO] Checking exit...
2026-08-18 19:58:06,630 [INFO] Checking entry signal...
2026-08-18 19:58:06,904 [WARNING] Could not fetch price data, skipping signal check
2026-08-18 19:58:06,904 [INFO]   No signal (need +10%, have +0.00%)
2026-08-18 19:58:06,904 [INFO] ────────────────────────────────────────────────────────────
2026-08-18 19:58:06,905 [INFO] No open position
2026-08-18 19:58:06,905 [INFO] No closed trades yet
2026-08-18 19:58:06,905 [INFO] ────────────────────────────────────────────────────────────
2026-08-18 20:32:52,961 [INFO] ============================================================
2026-08-18 20:32:52,961 [INFO] LCID Short Trader — PAPER | 2026-08-18 16:32 ET
2026-08-18 20:32:52,961 [INFO] ============================================================
2026-08-18 20:32:52,962 [INFO] Outside market hours (9:30–16:00 ET weekdays) — nothing to do
2026-08-18 20:32:52,962 [INFO] ────────────────────────────────────────────────────────────
2026-08-18 20:32:52,962 [INFO] No open position
2026-08-18 20:32:52,962 [INFO] No closed trades yet
2026-08-18 20:32:52,962 [INFO] ────────────────────────────────────────────────────────────
2026-08-18 21:00:46,381 [INFO] ============================================================
2026-08-18 21:00:46,381 [INFO] LCID Short Trader — PAPER | 2026-08-18 17:00 ET
2026-08-18 21:00:46,381 [INFO] ============================================================
2026-08-18 21:00:46,381 [INFO] Outside market hours (9:30–16:00 ET weekdays) — nothing to do
2026-08-18 21:00:46,381 [INFO] ────────────────────────────────────────────────────────────
2026-08-18 21:00:46,381 [INFO] No open position
2026-08-18 21:00:46,381 [INFO] No closed trades yet
2026-08-18 21:00:46,381 [INFO] ────────────────────────────────────────────────────────────
2026-08-18 21:22:09,476 [INFO] ============================================================
2026-08-18 21:22:09,476 [INFO] LCID Short Trader — PAPER | 2026-08-18 17:22 ET
2026-08-18 21:22:09,477 [INFO] ============================================================
2026-08-18 21:22:09,477 [INFO] Outside market hours (9:30–16:00 ET weekdays) — nothing to do
2026-08-18 21:22:09,477 [INFO] ────────────────────────────────────────────────────────────
2026-08-18 21:22:09,477 [INFO] No open position
2026-08-18 21:22:09,477 [INFO] No closed trades yet
2026-08-18 21:22:09,477 [INFO] ────────────────────────────────────────────────────────────
2026-08-18 21:47:59,952 [INFO] ============================================================
2026-08-18 21:47:59,952 [INFO] LCID Short Trader — PAPER | 2026-08-18 17:47 ET
2026-08-18 21:47:59,952 [INFO] ============================================================
2026-08-18 21:47:59,952 [INFO] Outside market hours (9:30–16:00 ET weekdays) — nothing to do
2026-08-18 21:47:59,952 [INFO] ────────────────────────────────────────────────────────────
2026-08-18 21:47:59,952 [INFO] No open position
2026-08-18 21:47:59,952 [INFO] No closed trades yet
2026-08-18 21:47:59,953 [INFO] ────────────────────────────────────────────────────────────
2026-08-19 13:45:02,637 [INFO] ============================================================
2026-08-19 13:45:02,637 [INFO] LCID Short Trader — PAPER | 2026-08-19 09:45 ET
2026-08-19 13:45:02,637 [INFO] ============================================================
2026-08-19 13:45:02,638 [INFO] Checking exit...
2026-08-19 13:45:02,638 [INFO] Checking entry signal...
2026-08-19 13:45:03,393 [WARNING] Could not fetch price data, skipping signal check
2026-08-19 13:45:03,393 [INFO]   No signal (need +10%, have +0.00%)
2026-08-19 13:45:03,394 [INFO] ────────────────────────────────────────────────────────────
2026-08-19 13:45:03,394 [INFO] No open position
2026-08-19 13:45:03,394 [INFO] No closed trades yet
2026-08-19 13:45:03,394 [INFO] ────────────────────────────────────────────────────────────
2026-08-19 14:18:50,498 [INFO] ============================================================
2026-08-19 14:18:50,498 [INFO] LCID Short Trader — PAPER | 2026-08-19 10:18 ET
2026-08-19 14:18:50,498 [INFO] ============================================================
2026-08-19 14:18:50,498 [INFO] Checking exit...
2026-08-19 14:18:50,498 [INFO] Checking entry signal...
2026-08-19 14:18:50,775 [WARNING] Could not fetch price data, skipping signal check
2026-08-19 14:18:50,776 [INFO]   No signal (need +10%, have +0.00%)
2026-08-19 14:18:50,776 [INFO] ────────────────────────────────────────────────────────────
2026-08-19 14:18:50,776 [INFO] No open position
2026-08-19 14:18:50,776 [INFO] No closed trades yet
2026-08-19 14:18:50,776 [INFO] ────────────────────────────────────────────────────────────
2026-08-19 15:02:40,994 [INFO] ============================================================
2026-08-19 15:02:40,995 [INFO] LCID Short Trader — PAPER | 2026-08-19 11:02 ET
2026-08-19 15:02:40,995 [INFO] ============================================================
2026-08-19 15:02:40,995 [INFO] Checking exit...
2026-08-19 15:02:40,995 [INFO] Checking entry signal...
2026-08-19 15:02:41,507 [WARNING] Could not fetch price data, skipping signal check
2026-08-19 15:02:41,507 [INFO]   No signal (need +10%, have +0.00%)
2026-08-19 15:02:41,507 [INFO] ────────────────────────────────────────────────────────────
2026-08-19 15:02:41,507 [INFO] No open position
2026-08-19 15:02:41,507 [INFO] No closed trades yet
2026-08-19 15:02:41,507 [INFO] ────────────────────────────────────────────────────────────
2026-08-19 15:46:58,837 [INFO] ============================================================
2026-08-19 15:46:58,837 [INFO] LCID Short Trader — PAPER | 2026-08-19 11:46 ET
2026-08-19 15:46:58,837 [INFO] ============================================================
2026-08-19 15:46:58,838 [INFO] Checking exit...
2026-08-19 15:46:58,838 [INFO] Checking entry signal...
2026-08-19 15:46:59,134 [WARNING] Could not fetch price data, skipping signal check
2026-08-19 15:46:59,134 [INFO]   No signal (need +10%, have +0.00%)
2026-08-19 15:46:59,134 [INFO] ────────────────────────────────────────────────────────────
2026-08-19 15:46:59,135 [INFO] No open position
2026-08-19 15:46:59,135 [INFO] No closed trades yet
2026-08-19 15:46:59,135 [INFO] ────────────────────────────────────────────────────────────
2026-08-19 16:33:08,726 [INFO] ============================================================
2026-08-19 16:33:08,726 [INFO] LCID Short Trader — PAPER | 2026-08-19 12:33 ET
2026-08-19 16:33:08,726 [INFO] ============================================================
2026-08-19 16:33:08,726 [INFO] Checking exit...
2026-08-19 16:33:08,726 [INFO] Checking entry signal...
2026-08-19 16:33:09,498 [WARNING] Could not fetch price data, skipping signal check
2026-08-19 16:33:09,498 [INFO]   No signal (need +10%, have +0.00%)
2026-08-19 16:33:09,498 [INFO] ────────────────────────────────────────────────────────────
2026-08-19 16:33:09,498 [INFO] No open position
2026-08-19 16:33:09,498 [INFO] No closed trades yet
2026-08-19 16:33:09,498 [INFO] ────────────────────────────────────────────────────────────
2026-08-19 17:03:28,360 [INFO] ============================================================
2026-08-19 17:03:28,360 [INFO] LCID Short Trader — PAPER | 2026-08-19 13:03 ET
2026-08-19 17:03:28,361 [INFO] ============================================================
2026-08-19 17:03:28,361 [INFO] Checking exit...
2026-08-19 17:03:28,361 [INFO] Checking entry signal...
2026-08-19 17:03:28,822 [WARNING] Could not fetch price data, skipping signal check
2026-08-19 17:03:28,822 [INFO]   No signal (need +10%, have +0.00%)
2026-08-19 17:03:28,822 [INFO] ────────────────────────────────────────────────────────────
2026-08-19 17:03:28,822 [INFO] No open position
2026-08-19 17:03:28,822 [INFO] No closed trades yet
2026-08-19 17:03:28,822 [INFO] ────────────────────────────────────────────────────────────
2026-08-19 17:41:24,207 [INFO] ============================================================
2026-08-19 17:41:24,207 [INFO] LCID Short Trader — PAPER | 2026-08-19 13:41 ET
2026-08-19 17:41:24,207 [INFO] ============================================================
2026-08-19 17:41:24,207 [INFO] Checking exit...
2026-08-19 17:41:24,207 [INFO] Checking entry signal...
2026-08-19 17:41:25,250 [WARNING] Could not fetch price data, skipping signal check
2026-08-19 17:41:25,250 [INFO]   No signal (need +10%, have +0.00%)
2026-08-19 17:41:25,337 [INFO] ────────────────────────────────────────────────────────────
2026-08-19 17:41:25,337 [INFO] No open position
2026-08-19 17:41:25,337 [INFO] No closed trades yet
2026-08-19 17:41:25,337 [INFO] ────────────────────────────────────────────────────────────
2026-08-19 18:00:02,370 [INFO] ============================================================
2026-08-19 18:00:02,371 [INFO] LCID Short Trader — PAPER | 2026-08-19 14:00 ET
2026-08-19 18:00:02,371 [INFO] ============================================================
2026-08-19 18:00:02,371 [INFO] Checking exit...
2026-08-19 18:00:02,371 [INFO] Checking entry signal...
2026-08-19 18:00:03,217 [WARNING] Could not fetch price data, skipping signal check
2026-08-19 18:00:03,217 [INFO]   No signal (need +10%, have +0.00%)
2026-08-19 18:00:03,218 [INFO] ────────────────────────────────────────────────────────────
2026-08-19 18:00:03,218 [INFO] No open position
2026-08-19 18:00:03,218 [INFO] No closed trades yet
2026-08-19 18:00:03,218 [INFO] ────────────────────────────────────────────────────────────
2026-08-19 18:48:05,669 [INFO] ============================================================
2026-08-19 18:48:05,669 [INFO] LCID Short Trader — PAPER | 2026-08-19 14:48 ET
2026-08-19 18:48:05,669 [INFO] ============================================================
2026-08-19 18:48:05,669 [INFO] Checking exit...
2026-08-19 18:48:05,669 [INFO] Checking entry signal...
2026-08-19 18:48:06,001 [WARNING] Could not fetch price data, skipping signal check
2026-08-19 18:48:06,001 [INFO]   No signal (need +10%, have +0.00%)
2026-08-19 18:48:06,001 [INFO] ────────────────────────────────────────────────────────────
2026-08-19 18:48:06,002 [INFO] No open position
2026-08-19 18:48:06,002 [INFO] No closed trades yet
2026-08-19 18:48:06,002 [INFO] ────────────────────────────────────────────────────────────
2026-08-19 19:27:00,753 [INFO] ============================================================
2026-08-19 19:27:00,753 [INFO] LCID Short Trader — PAPER | 2026-08-19 15:27 ET
2026-08-19 19:27:00,753 [INFO] ============================================================
2026-08-19 19:27:00,754 [INFO] Checking exit...
2026-08-19 19:27:00,754 [INFO] Checking entry signal...
2026-08-19 19:27:01,073 [WARNING] Could not fetch price data, skipping signal check
2026-08-19 19:27:01,073 [INFO]   No signal (need +10%, have +0.00%)
2026-08-19 19:27:01,073 [INFO] ────────────────────────────────────────────────────────────
2026-08-19 19:27:01,073 [INFO] No open position
2026-08-19 19:27:01,073 [INFO] No closed trades yet
2026-08-19 19:27:01,073 [INFO] ────────────────────────────────────────────────────────────
2026-08-19 19:51:17,053 [INFO] ============================================================
2026-08-19 19:51:17,053 [INFO] LCID Short Trader — PAPER | 2026-08-19 15:51 ET
2026-08-19 19:51:17,053 [INFO] ============================================================
2026-08-19 19:51:17,053 [INFO] Checking exit...
2026-08-19 19:51:17,053 [INFO] Checking entry signal...
2026-08-19 19:51:17,665 [WARNING] Could not fetch price data, skipping signal check
2026-08-19 19:51:17,665 [INFO]   No signal (need +10%, have +0.00%)
2026-08-19 19:51:17,665 [INFO] ────────────────────────────────────────────────────────────
2026-08-19 19:51:17,665 [INFO] No open position
2026-08-19 19:51:17,665 [INFO] No closed trades yet
2026-08-19 19:51:17,665 [INFO] ────────────────────────────────────────────────────────────
2026-08-19 20:29:38,633 [INFO] ============================================================
2026-08-19 20:29:38,633 [INFO] LCID Short Trader — PAPER | 2026-08-19 16:29 ET
2026-08-19 20:29:38,633 [INFO] ============================================================
2026-08-19 20:29:38,633 [INFO] Outside market hours (9:30–16:00 ET weekdays) — nothing to do
2026-08-19 20:29:38,633 [INFO] ────────────────────────────────────────────────────────────
2026-08-19 20:29:38,634 [INFO] No open position
2026-08-19 20:29:38,634 [INFO] No closed trades yet
2026-08-19 20:29:38,634 [INFO] ────────────────────────────────────────────────────────────
2026-08-19 20:57:28,173 [INFO] ============================================================
2026-08-19 20:57:28,173 [INFO] LCID Short Trader — PAPER | 2026-08-19 16:57 ET
2026-08-19 20:57:28,173 [INFO] ============================================================
2026-08-19 20:57:28,173 [INFO] Outside market hours (9:30–16:00 ET weekdays) — nothing to do
2026-08-19 20:57:28,173 [INFO] ────────────────────────────────────────────────────────────
2026-08-19 20:57:28,173 [INFO] No open position
2026-08-19 20:57:28,173 [INFO] No closed trades yet
2026-08-19 20:57:28,173 [INFO] ────────────────────────────────────────────────────────────
2026-08-19 21:23:42,891 [INFO] ============================================================
2026-08-19 21:23:42,891 [INFO] LCID Short Trader — PAPER | 2026-08-19 17:23 ET
2026-08-19 21:23:42,891 [INFO] ============================================================
2026-08-19 21:23:42,891 [INFO] Outside market hours (9:30–16:00 ET weekdays) — nothing to do
2026-08-19 21:23:42,891 [INFO] ────────────────────────────────────────────────────────────
2026-08-19 21:23:42,891 [INFO] No open position
2026-08-19 21:23:42,891 [INFO] No closed trades yet
2026-08-19 21:23:42,891 [INFO] ────────────────────────────────────────────────────────────
2026-08-19 21:50:30,167 [INFO] ============================================================
2026-08-19 21:50:30,167 [INFO] LCID Short Trader — PAPER | 2026-08-19 17:50 ET
2026-08-19 21:50:30,167 [INFO] ============================================================
2026-08-19 21:50:30,167 [INFO] Outside market hours (9:30–16:00 ET weekdays) — nothing to do
2026-08-19 21:50:30,167 [INFO] ────────────────────────────────────────────────────────────
2026-08-19 21:50:30,167 [INFO] No open position
2026-08-19 21:50:30,168 [INFO] No closed trades yet
2026-08-19 21:50:30,168 [INFO] ────────────────────────────────────────────────────────────
2026-08-20 13:48:37,307 [INFO] ============================================================
2026-08-20 13:48:37,308 [INFO] LCID Short Trader — PAPER | 2026-08-20 09:48 ET
2026-08-20 13:48:37,308 [INFO] ============================================================
2026-08-20 13:48:37,308 [INFO] Checking exit...
2026-08-20 13:48:37,308 [INFO] Checking entry signal...
2026-08-20 13:48:37,794 [WARNING] Could not fetch price data, skipping signal check
2026-08-20 13:48:37,795 [INFO]   No signal (need +10%, have +0.00%)
2026-08-20 13:48:37,795 [INFO] ────────────────────────────────────────────────────────────
2026-08-20 13:48:37,795 [INFO] No open position
2026-08-20 13:48:37,795 [INFO] No closed trades yet
2026-08-20 13:48:37,795 [INFO] ────────────────────────────────────────────────────────────
2026-08-20 14:37:25,083 [INFO] ============================================================
2026-08-20 14:37:25,083 [INFO] LCID Short Trader — PAPER | 2026-08-20 10:37 ET
2026-08-20 14:37:25,083 [INFO] ============================================================
2026-08-20 14:37:25,083 [INFO] Checking exit...
2026-08-20 14:37:25,083 [INFO] Checking entry signal...
2026-08-20 14:37:25,345 [WARNING] Could not fetch price data, skipping signal check
2026-08-20 14:37:25,345 [INFO]   No signal (need +10%, have +0.00%)
2026-08-20 14:37:25,345 [INFO] ────────────────────────────────────────────────────────────
2026-08-20 14:37:25,345 [INFO] No open position
2026-08-20 14:37:25,345 [INFO] No closed trades yet
2026-08-20 14:37:25,345 [INFO] ────────────────────────────────────────────────────────────
2026-08-20 15:16:39,271 [INFO] ============================================================
2026-08-20 15:16:39,271 [INFO] LCID Short Trader — PAPER | 2026-08-20 11:16 ET
2026-08-20 15:16:39,271 [INFO] ============================================================
2026-08-20 15:16:39,271 [INFO] Checking exit...
2026-08-20 15:16:39,271 [INFO] Checking entry signal...
2026-08-20 15:16:39,924 [WARNING] Could not fetch price data, skipping signal check
2026-08-20 15:16:39,924 [INFO]   No signal (need +10%, have +0.00%)
2026-08-20 15:16:39,924 [INFO] ────────────────────────────────────────────────────────────
2026-08-20 15:16:39,924 [INFO] No open position
2026-08-20 15:16:39,925 [INFO] No closed trades yet
2026-08-20 15:16:39,925 [INFO] ────────────────────────────────────────────────────────────
2026-08-20 15:59:45,054 [INFO] ============================================================
2026-08-20 15:59:45,054 [INFO] LCID Short Trader — PAPER | 2026-08-20 11:59 ET
2026-08-20 15:59:45,054 [INFO] ============================================================
2026-08-20 15:59:45,054 [INFO] Checking exit...
2026-08-20 15:59:45,055 [INFO] Checking entry signal...
2026-08-20 15:59:45,335 [WARNING] Could not fetch price data, skipping signal check
2026-08-20 15:59:45,335 [INFO]   No signal (need +10%, have +0.00%)
2026-08-20 15:59:45,336 [INFO] ────────────────────────────────────────────────────────────
2026-08-20 15:59:45,336 [INFO] No open position
2026-08-20 15:59:45,336 [INFO] No closed trades yet
2026-08-20 15:59:45,336 [INFO] ────────────────────────────────────────────────────────────
2026-08-20 16:45:04,879 [INFO] ============================================================
2026-08-20 16:45:04,879 [INFO] LCID Short Trader — PAPER | 2026-08-20 12:45 ET
2026-08-20 16:45:04,879 [INFO] ============================================================
2026-08-20 16:45:04,879 [INFO] Checking exit...
2026-08-20 16:45:04,879 [INFO] Checking entry signal...
2026-08-20 16:45:05,310 [WARNING] Could not fetch price data, skipping signal check
2026-08-20 16:45:05,310 [INFO]   No signal (need +10%, have +0.00%)
2026-08-20 16:45:05,310 [INFO] ────────────────────────────────────────────────────────────
2026-08-20 16:45:05,310 [INFO] No open position
2026-08-20 16:45:05,310 [INFO] No closed trades yet
2026-08-20 16:45:05,310 [INFO] ────────────────────────────────────────────────────────────
2026-08-20 17:14:03,191 [INFO] ============================================================
2026-08-20 17:14:03,191 [INFO] LCID Short Trader — PAPER | 2026-08-20 13:14 ET
2026-08-20 17:14:03,191 [INFO] ============================================================
2026-08-20 17:14:03,191 [INFO] Checking exit...
2026-08-20 17:14:03,191 [INFO] Checking entry signal...
2026-08-20 17:14:03,460 [WARNING] Could not fetch price data, skipping signal check
2026-08-20 17:14:03,460 [INFO]   No signal (need +10%, have +0.00%)
2026-08-20 17:14:03,461 [INFO] ────────────────────────────────────────────────────────────
2026-08-20 17:14:03,461 [INFO] No open position
2026-08-20 17:14:03,461 [INFO] No closed trades yet
2026-08-20 17:14:03,461 [INFO] ────────────────────────────────────────────────────────────
2026-08-20 17:48:38,670 [INFO] ============================================================
2026-08-20 17:48:38,670 [INFO] LCID Short Trader — PAPER | 2026-08-20 13:48 ET
2026-08-20 17:48:38,670 [INFO] ============================================================
2026-08-20 17:48:38,670 [INFO] Checking exit...
2026-08-20 17:48:38,670 [INFO] Checking entry signal...
2026-08-20 17:48:38,979 [WARNING] Could not fetch price data, skipping signal check
2026-08-20 17:48:38,979 [INFO]   No signal (need +10%, have +0.00%)
2026-08-20 17:48:38,979 [INFO] ────────────────────────────────────────────────────────────
2026-08-20 17:48:38,979 [INFO] No open position
2026-08-20 17:48:38,979 [INFO] No closed trades yet
2026-08-20 17:48:38,979 [INFO] ────────────────────────────────────────────────────────────
2026-08-20 18:40:44,758 [INFO] ============================================================
2026-08-20 18:40:44,758 [INFO] LCID Short Trader — PAPER | 2026-08-20 14:40 ET
2026-08-20 18:40:44,758 [INFO] ============================================================
2026-08-20 18:40:44,758 [INFO] Checking exit...
2026-08-20 18:40:44,758 [INFO] Checking entry signal...
2026-08-20 18:40:45,039 [WARNING] Could not fetch price data, skipping signal check
2026-08-20 18:40:45,039 [INFO]   No signal (need +10%, have +0.00%)
2026-08-20 18:40:45,039 [INFO] ────────────────────────────────────────────────────────────
2026-08-20 18:40:45,039 [INFO] No open position
2026-08-20 18:40:45,039 [INFO] No closed trades yet
2026-08-20 18:40:45,039 [INFO] ────────────────────────────────────────────────────────────
2026-08-20 19:19:04,431 [INFO] ============================================================
2026-08-20 19:19:04,431 [INFO] LCID Short Trader — PAPER | 2026-08-20 15:19 ET
2026-08-20 19:19:04,431 [INFO] ============================================================
2026-08-20 19:19:04,431 [INFO] Checking exit...
2026-08-20 19:19:04,431 [INFO] Checking entry signal...
2026-08-20 19:19:04,822 [WARNING] Could not fetch price data, skipping signal check
2026-08-20 19:19:04,822 [INFO]   No signal (need +10%, have +0.00%)
2026-08-20 19:19:04,823 [INFO] ────────────────────────────────────────────────────────────
2026-08-20 19:19:04,823 [INFO] No open position
2026-08-20 19:19:04,823 [INFO] No closed trades yet
2026-08-20 19:19:04,823 [INFO] ────────────────────────────────────────────────────────────
2026-08-20 19:56:16,234 [INFO] ============================================================
2026-08-20 19:56:16,234 [INFO] LCID Short Trader — PAPER | 2026-08-20 15:56 ET
2026-08-20 19:56:16,235 [INFO] ============================================================
2026-08-20 19:56:16,235 [INFO] Checking exit...
2026-08-20 19:56:16,235 [INFO] Checking entry signal...
2026-08-20 19:56:16,485 [WARNING] Could not fetch price data, skipping signal check
2026-08-20 19:56:16,485 [INFO]   No signal (need +10%, have +0.00%)
2026-08-20 19:56:16,485 [INFO] ────────────────────────────────────────────────────────────
2026-08-20 19:56:16,485 [INFO] No open position
2026-08-20 19:56:16,485 [INFO] No closed trades yet
2026-08-20 19:56:16,485 [INFO] ────────────────────────────────────────────────────────────
2026-08-20 20:32:18,109 [INFO] ============================================================
2026-08-20 20:32:18,109 [INFO] LCID Short Trader — PAPER | 2026-08-20 16:32 ET
2026-08-20 20:32:18,109 [INFO] ============================================================
2026-08-20 20:32:18,109 [INFO] Outside market hours (9:30–16:00 ET weekdays) — nothing to do
2026-08-20 20:32:18,109 [INFO] ────────────────────────────────────────────────────────────
2026-08-20 20:32:18,109 [INFO] No open position
2026-08-20 20:32:18,109 [INFO] No closed trades yet
2026-08-20 20:32:18,109 [INFO] ────────────────────────────────────────────────────────────
2026-08-20 21:05:10,001 [INFO] ============================================================
2026-08-20 21:05:10,001 [INFO] LCID Short Trader — PAPER | 2026-08-20 17:05 ET
2026-08-20 21:05:10,002 [INFO] ============================================================
2026-08-20 21:05:10,002 [INFO] Outside market hours (9:30–16:00 ET weekdays) — nothing to do
2026-08-20 21:05:10,002 [INFO] ────────────────────────────────────────────────────────────
2026-08-20 21:05:10,002 [INFO] No open position
2026-08-20 21:05:10,002 [INFO] No closed trades yet
2026-08-20 21:05:10,002 [INFO] ────────────────────────────────────────────────────────────
2026-08-20 21:26:06,955 [INFO] ============================================================
2026-08-20 21:26:06,955 [INFO] LCID Short Trader — PAPER | 2026-08-20 17:26 ET
2026-08-20 21:26:06,955 [INFO] ============================================================
2026-08-20 21:26:06,955 [INFO] Outside market hours (9:30–16:00 ET weekdays) — nothing to do
2026-08-20 21:26:06,955 [INFO] ────────────────────────────────────────────────────────────
2026-08-20 21:26:06,956 [INFO] No open position
2026-08-20 21:26:06,956 [INFO] No closed trades yet
2026-08-20 21:26:06,956 [INFO] ────────────────────────────────────────────────────────────
2026-08-20 21:54:10,013 [INFO] ============================================================
2026-08-20 21:54:10,013 [INFO] LCID Short Trader — PAPER | 2026-08-20 17:54 ET
2026-08-20 21:54:10,013 [INFO] ============================================================
2026-08-20 21:54:10,013 [INFO] Outside market hours (9:30–16:00 ET weekdays) — nothing to do
2026-08-20 21:54:10,013 [INFO] ────────────────────────────────────────────────────────────
2026-08-20 21:54:10,013 [INFO] No open position
2026-08-20 21:54:10,014 [INFO] No closed trades yet
2026-08-20 21:54:10,014 [INFO] ────────────────────────────────────────────────────────────
2026-08-21 13:46:35,927 [INFO] ============================================================
2026-08-21 13:46:35,927 [INFO] LCID Short Trader — PAPER | 2026-08-21 09:46 ET
2026-08-21 13:46:35,927 [INFO] ============================================================
2026-08-21 13:46:35,927 [INFO] Checking exit...
2026-08-21 13:46:35,927 [INFO] Checking entry signal...
2026-08-21 13:46:37,868 [WARNING] Could not fetch price data, skipping signal check
2026-08-21 13:46:37,868 [INFO]   No signal (need +10%, have +0.00%)
2026-08-21 13:46:37,880 [INFO] ────────────────────────────────────────────────────────────
2026-08-21 13:46:37,880 [INFO] No open position
2026-08-21 13:46:37,880 [INFO] No closed trades yet
2026-08-21 13:46:37,880 [INFO] ────────────────────────────────────────────────────────────
2026-08-21 14:36:28,906 [INFO] ============================================================
2026-08-21 14:36:28,906 [INFO] LCID Short Trader — PAPER | 2026-08-21 10:36 ET
2026-08-21 14:36:28,906 [INFO] ============================================================
2026-08-21 14:36:28,906 [INFO] Checking exit...
2026-08-21 14:36:28,906 [INFO] Checking entry signal...
2026-08-21 14:36:29,238 [WARNING] Could not fetch price data, skipping signal check
2026-08-21 14:36:29,238 [INFO]   No signal (need +10%, have +0.00%)
2026-08-21 14:36:29,238 [INFO] ────────────────────────────────────────────────────────────
2026-08-21 14:36:29,239 [INFO] No open position
2026-08-21 14:36:29,239 [INFO] No closed trades yet
2026-08-21 14:36:29,239 [INFO] ────────────────────────────────────────────────────────────
2026-08-21 15:14:41,070 [INFO] ============================================================
2026-08-21 15:14:41,070 [INFO] LCID Short Trader — PAPER | 2026-08-21 11:14 ET
2026-08-21 15:14:41,070 [INFO] ============================================================
2026-08-21 15:14:41,070 [INFO] Checking exit...
2026-08-21 15:14:41,070 [INFO] Checking entry signal...
2026-08-21 15:14:41,784 [WARNING] Could not fetch price data, skipping signal check
2026-08-21 15:14:41,784 [INFO]   No signal (need +10%, have +0.00%)
2026-08-21 15:14:41,785 [INFO] ────────────────────────────────────────────────────────────
2026-08-21 15:14:41,785 [INFO] No open position
2026-08-21 15:14:41,785 [INFO] No closed trades yet
2026-08-21 15:14:41,785 [INFO] ────────────────────────────────────────────────────────────
2026-08-21 15:51:14,641 [INFO] ============================================================
2026-08-21 15:51:14,641 [INFO] LCID Short Trader — PAPER | 2026-08-21 11:51 ET
2026-08-21 15:51:14,641 [INFO] ============================================================
2026-08-21 15:51:14,642 [INFO] Checking exit...
2026-08-21 15:51:14,642 [INFO] Checking entry signal...
2026-08-21 15:51:14,969 [WARNING] Could not fetch price data, skipping signal check
2026-08-21 15:51:14,969 [INFO]   No signal (need +10%, have +0.00%)
2026-08-21 15:51:14,969 [INFO] ────────────────────────────────────────────────────────────
2026-08-21 15:51:14,969 [INFO] No open position
2026-08-21 15:51:14,969 [INFO] No closed trades yet
2026-08-21 15:51:14,969 [INFO] ────────────────────────────────────────────────────────────
2026-08-21 16:36:01,492 [INFO] ============================================================
2026-08-21 16:36:01,492 [INFO] LCID Short Trader — PAPER | 2026-08-21 12:36 ET
2026-08-21 16:36:01,492 [INFO] ============================================================
2026-08-21 16:36:01,492 [INFO] Checking exit...
2026-08-21 16:36:01,492 [INFO] Checking entry signal...
2026-08-21 16:36:02,812 [WARNING] Could not fetch price data, skipping signal check
2026-08-21 16:36:02,812 [INFO]   No signal (need +10%, have +0.00%)
2026-08-21 16:36:02,812 [INFO] ────────────────────────────────────────────────────────────
2026-08-21 16:36:02,812 [INFO] No open position
2026-08-21 16:36:02,813 [INFO] No closed trades yet
2026-08-21 16:36:02,813 [INFO] ────────────────────────────────────────────────────────────
2026-08-21 17:11:52,587 [INFO] ============================================================
2026-08-21 17:11:52,587 [INFO] LCID Short Trader — PAPER | 2026-08-21 13:11 ET
2026-08-21 17:11:52,587 [INFO] ============================================================
2026-08-21 17:11:52,587 [INFO] Checking exit...
2026-08-21 17:11:52,587 [INFO] Checking entry signal...
2026-08-21 17:11:52,968 [WARNING] Could not fetch price data, skipping signal check
2026-08-21 17:11:52,968 [INFO]   No signal (need +10%, have +0.00%)
2026-08-21 17:11:52,968 [INFO] ────────────────────────────────────────────────────────────
2026-08-21 17:11:52,968 [INFO] No open position
2026-08-21 17:11:52,968 [INFO] No closed trades yet
2026-08-21 17:11:52,968 [INFO] ────────────────────────────────────────────────────────────
2026-08-21 17:47:16,464 [INFO] ============================================================
2026-08-21 17:47:16,464 [INFO] LCID Short Trader — PAPER | 2026-08-21 13:47 ET
2026-08-21 17:47:16,464 [INFO] ============================================================
2026-08-21 17:47:16,464 [INFO] Checking exit...
2026-08-21 17:47:16,464 [INFO] Checking entry signal...
2026-08-21 17:47:16,801 [WARNING] Could not fetch price data, skipping signal check
2026-08-21 17:47:16,801 [INFO]   No signal (need +10%, have +0.00%)
2026-08-21 17:47:16,801 [INFO] ────────────────────────────────────────────────────────────
2026-08-21 17:47:16,802 [INFO] No open position
2026-08-21 17:47:16,802 [INFO] No closed trades yet
2026-08-21 17:47:16,802 [INFO] ────────────────────────────────────────────────────────────
2026-08-21 18:38:04,080 [INFO] ============================================================
2026-08-21 18:38:04,080 [INFO] LCID Short Trader — PAPER | 2026-08-21 14:38 ET
2026-08-21 18:38:04,080 [INFO] ============================================================
2026-08-21 18:38:04,080 [INFO] Checking exit...
2026-08-21 18:38:04,080 [INFO] Checking entry signal...
2026-08-21 18:38:04,395 [WARNING] Could not fetch price data, skipping signal check
2026-08-21 18:38:04,396 [INFO]   No signal (need +10%, have +0.00%)
2026-08-21 18:38:04,396 [INFO] ────────────────────────────────────────────────────────────
2026-08-21 18:38:04,396 [INFO] No open position
2026-08-21 18:38:04,396 [INFO] No closed trades yet
2026-08-21 18:38:04,396 [INFO] ────────────────────────────────────────────────────────────
2026-08-21 19:14:46,367 [INFO] ============================================================
2026-08-21 19:14:46,367 [INFO] LCID Short Trader — PAPER | 2026-08-21 15:14 ET
2026-08-21 19:14:46,367 [INFO] ============================================================
2026-08-21 19:14:46,367 [INFO] Checking exit...
2026-08-21 19:14:46,367 [INFO] Checking entry signal...
2026-08-21 19:14:47,148 [WARNING] Could not fetch price data, skipping signal check
2026-08-21 19:14:47,148 [INFO]   No signal (need +10%, have +0.00%)
2026-08-21 19:14:47,148 [INFO] ────────────────────────────────────────────────────────────
2026-08-21 19:14:47,149 [INFO] No open position
2026-08-21 19:14:47,149 [INFO] No closed trades yet
2026-08-21 19:14:47,149 [INFO] ────────────────────────────────────────────────────────────
2026-08-21 19:41:30,669 [INFO] ============================================================
2026-08-21 19:41:30,669 [INFO] LCID Short Trader — PAPER | 2026-08-21 15:41 ET
2026-08-21 19:41:30,669 [INFO] ============================================================
2026-08-21 19:41:30,669 [INFO] Checking exit...
2026-08-21 19:41:30,669 [INFO] Checking entry signal...
2026-08-21 19:41:30,999 [WARNING] Could not fetch price data, skipping signal check
2026-08-21 19:41:30,999 [INFO]   No signal (need +10%, have +0.00%)
2026-08-21 19:41:30,999 [INFO] ────────────────────────────────────────────────────────────
2026-08-21 19:41:30,999 [INFO] No open position
2026-08-21 19:41:31,000 [INFO] No closed trades yet
2026-08-21 19:41:31,000 [INFO] ────────────────────────────────────────────────────────────
2026-08-21 19:58:37,307 [INFO] ============================================================
2026-08-21 19:58:37,308 [INFO] LCID Short Trader — PAPER | 2026-08-21 15:58 ET
2026-08-21 19:58:37,308 [INFO] ============================================================
2026-08-21 19:58:37,308 [INFO] Checking exit...
2026-08-21 19:58:37,308 [INFO] Checking entry signal...
2026-08-21 19:58:37,791 [WARNING] Could not fetch price data, skipping signal check
2026-08-21 19:58:37,791 [INFO]   No signal (need +10%, have +0.00%)
2026-08-21 19:58:37,792 [INFO] ────────────────────────────────────────────────────────────
2026-08-21 19:58:37,792 [INFO] No open position
2026-08-21 19:58:37,792 [INFO] No closed trades yet
2026-08-21 19:58:37,792 [INFO] ────────────────────────────────────────────────────────────
2026-08-21 20:33:52,534 [INFO] ============================================================
2026-08-21 20:33:52,534 [INFO] LCID Short Trader — PAPER | 2026-08-21 16:33 ET
2026-08-21 20:33:52,534 [INFO] ============================================================
2026-08-21 20:33:52,534 [INFO] Outside market hours (9:30–16:00 ET weekdays) — nothing to do
2026-08-21 20:33:52,534 [INFO] ────────────────────────────────────────────────────────────
2026-08-21 20:33:52,534 [INFO] No open position
2026-08-21 20:33:52,535 [INFO] No closed trades yet
2026-08-21 20:33:52,535 [INFO] ────────────────────────────────────────────────────────────
2026-08-21 21:01:16,041 [INFO] ============================================================
2026-08-21 21:01:16,041 [INFO] LCID Short Trader — PAPER | 2026-08-21 17:01 ET
2026-08-21 21:01:16,041 [INFO] ============================================================
2026-08-21 21:01:16,041 [INFO] Outside market hours (9:30–16:00 ET weekdays) — nothing to do
2026-08-21 21:01:16,042 [INFO] ────────────────────────────────────────────────────────────
2026-08-21 21:01:16,042 [INFO] No open position
2026-08-21 21:01:16,042 [INFO] No closed trades yet
2026-08-21 21:01:16,042 [INFO] ────────────────────────────────────────────────────────────
2026-08-21 21:22:15,839 [INFO] ============================================================
2026-08-21 21:22:15,839 [INFO] LCID Short Trader — PAPER | 2026-08-21 17:22 ET
2026-08-21 21:22:15,839 [INFO] ============================================================
2026-08-21 21:22:15,839 [INFO] Outside market hours (9:30–16:00 ET weekdays) — nothing to do
2026-08-21 21:22:15,839 [INFO] ────────────────────────────────────────────────────────────
2026-08-21 21:22:15,840 [INFO] No open position
2026-08-21 21:22:15,840 [INFO] No closed trades yet
2026-08-21 21:22:15,840 [INFO] ────────────────────────────────────────────────────────────
2026-08-21 21:48:54,808 [INFO] ============================================================
2026-08-21 21:48:54,808 [INFO] LCID Short Trader — PAPER | 2026-08-21 17:48 ET
2026-08-21 21:48:54,808 [INFO] ============================================================
2026-08-21 21:48:54,808 [INFO] Outside market hours (9:30–16:00 ET weekdays) — nothing to do
2026-08-21 21:48:54,808 [INFO] ────────────────────────────────────────────────────────────
2026-08-21 21:48:54,808 [INFO] No open position
2026-08-21 21:48:54,808 [INFO] No closed trades yet
2026-08-21 21:48:54,808 [INFO] ────────────────────────────────────────────────────────────
2026-08-24 13:59:01,468 [INFO] ============================================================
2026-08-24 13:59:01,468 [INFO] LCID Short Trader — PAPER | 2026-08-24 09:59 ET
2026-08-24 13:59:01,468 [INFO] ============================================================
2026-08-24 13:59:01,468 [INFO] Checking exit...
2026-08-24 13:59:01,468 [INFO] Checking entry signal...
2026-08-24 13:59:01,825 [WARNING] Could not fetch price data, skipping signal check
2026-08-24 13:59:01,826 [INFO]   No signal (need +10%, have +0.00%)
2026-08-24 13:59:01,826 [INFO] ────────────────────────────────────────────────────────────
2026-08-24 13:59:01,826 [INFO] No open position
2026-08-24 13:59:01,826 [INFO] No closed trades yet
2026-08-24 13:59:01,826 [INFO] ────────────────────────────────────────────────────────────
2026-08-24 14:43:27,095 [INFO] ============================================================
2026-08-24 14:43:27,095 [INFO] LCID Short Trader — PAPER | 2026-08-24 10:43 ET
2026-08-24 14:43:27,095 [INFO] ============================================================
2026-08-24 14:43:27,095 [INFO] Checking exit...
2026-08-24 14:43:27,095 [INFO] Checking entry signal...
2026-08-24 14:43:27,444 [WARNING] Could not fetch price data, skipping signal check
2026-08-24 14:43:27,444 [INFO]   No signal (need +10%, have +0.00%)
2026-08-24 14:43:27,445 [INFO] ────────────────────────────────────────────────────────────
2026-08-24 14:43:27,445 [INFO] No open position
2026-08-24 14:43:27,445 [INFO] No closed trades yet
2026-08-24 14:43:27,445 [INFO] ────────────────────────────────────────────────────────────
2026-08-24 15:24:02,122 [INFO] ============================================================
2026-08-24 15:24:02,122 [INFO] LCID Short Trader — PAPER | 2026-08-24 11:24 ET
2026-08-24 15:24:02,122 [INFO] ============================================================
2026-08-24 15:24:02,122 [INFO] Checking exit...
2026-08-24 15:24:02,122 [INFO] Checking entry signal...
2026-08-24 15:24:02,774 [WARNING] Could not fetch price data, skipping signal check
2026-08-24 15:24:02,774 [INFO]   No signal (need +10%, have +0.00%)
2026-08-24 15:24:02,774 [INFO] ────────────────────────────────────────────────────────────
2026-08-24 15:24:02,774 [INFO] No open position
2026-08-24 15:24:02,774 [INFO] No closed trades yet
2026-08-24 15:24:02,774 [INFO] ────────────────────────────────────────────────────────────
2026-08-24 16:04:55,829 [INFO] ============================================================
2026-08-24 16:04:55,829 [INFO] LCID Short Trader — PAPER | 2026-08-24 12:04 ET
2026-08-24 16:04:55,829 [INFO] ============================================================
2026-08-24 16:04:55,829 [INFO] Checking exit...
2026-08-24 16:04:55,829 [INFO] Checking entry signal...
2026-08-24 16:04:57,110 [WARNING] Could not fetch price data, skipping signal check
2026-08-24 16:04:57,110 [INFO]   No signal (need +10%, have +0.00%)
2026-08-24 16:04:57,111 [INFO] ────────────────────────────────────────────────────────────
2026-08-24 16:04:57,111 [INFO] No open position
2026-08-24 16:04:57,111 [INFO] No closed trades yet
2026-08-24 16:04:57,111 [INFO] ────────────────────────────────────────────────────────────
2026-08-24 16:55:49,045 [INFO] ============================================================
2026-08-24 16:55:49,045 [INFO] LCID Short Trader — PAPER | 2026-08-24 12:55 ET
2026-08-24 16:55:49,045 [INFO] ============================================================
2026-08-24 16:55:49,045 [INFO] Checking exit...
2026-08-24 16:55:49,046 [INFO] Checking entry signal...
2026-08-24 16:55:49,303 [WARNING] Could not fetch price data, skipping signal check
2026-08-24 16:55:49,303 [INFO]   No signal (need +10%, have +0.00%)
2026-08-24 16:55:49,304 [INFO] ────────────────────────────────────────────────────────────
2026-08-24 16:55:49,304 [INFO] No open position
2026-08-24 16:55:49,304 [INFO] No closed trades yet
2026-08-24 16:55:49,304 [INFO] ────────────────────────────────────────────────────────────
2026-08-24 17:32:39,782 [INFO] ============================================================
2026-08-24 17:32:39,782 [INFO] LCID Short Trader — PAPER | 2026-08-24 13:32 ET
2026-08-24 17:32:39,782 [INFO] ============================================================
2026-08-24 17:32:39,783 [INFO] Checking exit...
2026-08-24 17:32:39,783 [INFO] Checking entry signal...
2026-08-24 17:32:40,079 [WARNING] Could not fetch price data, skipping signal check
2026-08-24 17:32:40,079 [INFO]   No signal (need +10%, have +0.00%)
2026-08-24 17:32:40,079 [INFO] ────────────────────────────────────────────────────────────
2026-08-24 17:32:40,079 [INFO] No open position
2026-08-24 17:32:40,079 [INFO] No closed trades yet
2026-08-24 17:32:40,079 [INFO] ────────────────────────────────────────────────────────────
2026-08-24 18:04:47,076 [INFO] ============================================================
2026-08-24 18:04:47,076 [INFO] LCID Short Trader — PAPER | 2026-08-24 14:04 ET
2026-08-24 18:04:47,076 [INFO] ============================================================
2026-08-24 18:04:47,076 [INFO] Checking exit...
2026-08-24 18:04:47,076 [INFO] Checking entry signal...
2026-08-24 18:04:47,374 [WARNING] Could not fetch price data, skipping signal check
2026-08-24 18:04:47,374 [INFO]   No signal (need +10%, have +0.00%)
2026-08-24 18:04:47,374 [INFO] ────────────────────────────────────────────────────────────
2026-08-24 18:04:47,374 [INFO] No open position
2026-08-24 18:04:47,374 [INFO] No closed trades yet
2026-08-24 18:04:47,374 [INFO] ────────────────────────────────────────────────────────────
2026-08-24 18:59:47,897 [INFO] ============================================================
2026-08-24 18:59:47,897 [INFO] LCID Short Trader — PAPER | 2026-08-24 14:59 ET
2026-08-24 18:59:47,897 [INFO] ============================================================
2026-08-24 18:59:47,897 [INFO] Checking exit...
2026-08-24 18:59:47,897 [INFO] Checking entry signal...
2026-08-24 18:59:48,336 [WARNING] Could not fetch price data, skipping signal check
2026-08-24 18:59:48,336 [INFO]   No signal (need +10%, have +0.00%)
2026-08-24 18:59:48,336 [INFO] ────────────────────────────────────────────────────────────
2026-08-24 18:59:48,336 [INFO] No open position
2026-08-24 18:59:48,337 [INFO] No closed trades yet
2026-08-24 18:59:48,337 [INFO] ────────────────────────────────────────────────────────────
2026-08-24 19:37:20,122 [INFO] ============================================================
2026-08-24 19:37:20,122 [INFO] LCID Short Trader — PAPER | 2026-08-24 15:37 ET
2026-08-24 19:37:20,122 [INFO] ============================================================
2026-08-24 19:37:20,122 [INFO] Checking exit...
2026-08-24 19:37:20,122 [INFO] Checking entry signal...
2026-08-24 19:37:20,852 [WARNING] Could not fetch price data, skipping signal check
2026-08-24 19:37:20,852 [INFO]   No signal (need +10%, have +0.00%)
2026-08-24 19:37:20,853 [INFO] ────────────────────────────────────────────────────────────
2026-08-24 19:37:20,853 [INFO] No open position
2026-08-24 19:37:20,853 [INFO] No closed trades yet
2026-08-24 19:37:20,853 [INFO] ────────────────────────────────────────────────────────────
2026-08-24 20:03:10,473 [INFO] ============================================================
2026-08-24 20:03:10,473 [INFO] LCID Short Trader — PAPER | 2026-08-24 16:03 ET
2026-08-24 20:03:10,473 [INFO] ============================================================
2026-08-24 20:03:10,474 [INFO] Outside market hours (9:30–16:00 ET weekdays) — nothing to do
2026-08-24 20:03:10,474 [INFO] ────────────────────────────────────────────────────────────
2026-08-24 20:03:10,474 [INFO] No open position
2026-08-24 20:03:10,474 [INFO] No closed trades yet
2026-08-24 20:03:10,474 [INFO] ────────────────────────────────────────────────────────────
2026-08-24 20:48:54,580 [INFO] ============================================================
2026-08-24 20:48:54,580 [INFO] LCID Short Trader — PAPER | 2026-08-24 16:48 ET
2026-08-24 20:48:54,580 [INFO] ============================================================
2026-08-24 20:48:54,580 [INFO] Outside market hours (9:30–16:00 ET weekdays) — nothing to do
2026-08-24 20:48:54,580 [INFO] ────────────────────────────────────────────────────────────
2026-08-24 20:48:54,580 [INFO] No open position
2026-08-24 20:48:54,580 [INFO] No closed trades yet
2026-08-24 20:48:54,580 [INFO] ────────────────────────────────────────────────────────────
2026-08-24 21:26:57,579 [INFO] ============================================================
2026-08-24 21:26:57,579 [INFO] LCID Short Trader — PAPER | 2026-08-24 17:26 ET
2026-08-24 21:26:57,579 [INFO] ============================================================
2026-08-24 21:26:57,579 [INFO] Outside market hours (9:30–16:00 ET weekdays) — nothing to do
2026-08-24 21:26:57,579 [INFO] ────────────────────────────────────────────────────────────
2026-08-24 21:26:57,579 [INFO] No open position
2026-08-24 21:26:57,579 [INFO] No closed trades yet
2026-08-24 21:26:57,580 [INFO] ────────────────────────────────────────────────────────────
2026-08-24 21:54:28,176 [INFO] ============================================================
2026-08-24 21:54:28,177 [INFO] LCID Short Trader — PAPER | 2026-08-24 17:54 ET
2026-08-24 21:54:28,177 [INFO] ============================================================
2026-08-24 21:54:28,177 [INFO] Outside market hours (9:30–16:00 ET weekdays) — nothing to do
2026-08-24 21:54:28,177 [INFO] ────────────────────────────────────────────────────────────
2026-08-24 21:54:28,177 [INFO] No open position
2026-08-24 21:54:28,177 [INFO] No closed trades yet
2026-08-24 21:54:28,177 [INFO] ────────────────────────────────────────────────────────────
2026-08-25 13:52:03,666 [INFO] ============================================================
2026-08-25 13:52:03,666 [INFO] LCID Short Trader — PAPER | 2026-08-25 09:52 ET
2026-08-25 13:52:03,666 [INFO] ============================================================
2026-08-25 13:52:03,666 [INFO] Checking exit...
2026-08-25 13:52:03,666 [INFO] Checking entry signal...
2026-08-25 13:52:04,326 [WARNING] Could not fetch price data, skipping signal check
2026-08-25 13:52:04,327 [INFO]   No signal (need +10%, have +0.00%)
2026-08-25 13:52:04,327 [INFO] ────────────────────────────────────────────────────────────
2026-08-25 13:52:04,327 [INFO] No open position
2026-08-25 13:52:04,327 [INFO] No closed trades yet
2026-08-25 13:52:04,327 [INFO] ────────────────────────────────────────────────────────────
2026-08-25 14:46:58,335 [INFO] ============================================================
2026-08-25 14:46:58,336 [INFO] LCID Short Trader — PAPER | 2026-08-25 10:46 ET
2026-08-25 14:46:58,336 [INFO] ============================================================
2026-08-25 14:46:58,336 [INFO] Checking exit...
2026-08-25 14:46:58,336 [INFO] Checking entry signal...
2026-08-25 14:46:58,648 [WARNING] Could not fetch price data, skipping signal check
2026-08-25 14:46:58,648 [INFO]   No signal (need +10%, have +0.00%)
2026-08-25 14:46:58,648 [INFO] ────────────────────────────────────────────────────────────
2026-08-25 14:46:58,648 [INFO] No open position
2026-08-25 14:46:58,648 [INFO] No closed trades yet
2026-08-25 14:46:58,649 [INFO] ────────────────────────────────────────────────────────────
2026-08-25 15:43:10,850 [INFO] ============================================================
2026-08-25 15:43:10,850 [INFO] LCID Short Trader — PAPER | 2026-08-25 11:43 ET
2026-08-25 15:43:10,851 [INFO] ============================================================
2026-08-25 15:43:10,851 [INFO] Checking exit...
2026-08-25 15:43:10,851 [INFO] Checking entry signal...
2026-08-25 15:43:11,743 [WARNING] Could not fetch price data, skipping signal check
2026-08-25 15:43:11,743 [INFO]   No signal (need +10%, have +0.00%)
2026-08-25 15:43:11,744 [INFO] ────────────────────────────────────────────────────────────
2026-08-25 15:43:11,744 [INFO] No open position
2026-08-25 15:43:11,744 [INFO] No closed trades yet
2026-08-25 15:43:11,744 [INFO] ────────────────────────────────────────────────────────────
2026-08-25 16:19:35,147 [INFO] ============================================================
2026-08-25 16:19:35,147 [INFO] LCID Short Trader — PAPER | 2026-08-25 12:19 ET
2026-08-25 16:19:35,147 [INFO] ============================================================
2026-08-25 16:19:35,148 [INFO] Checking exit...
2026-08-25 16:19:35,148 [INFO] Checking entry signal...
2026-08-25 16:19:35,478 [WARNING] Could not fetch price data, skipping signal check
2026-08-25 16:19:35,478 [INFO]   No signal (need +10%, have +0.00%)
2026-08-25 16:19:35,479 [INFO] ────────────────────────────────────────────────────────────
2026-08-25 16:19:35,479 [INFO] No open position
2026-08-25 16:19:35,479 [INFO] No closed trades yet
2026-08-25 16:19:35,479 [INFO] ────────────────────────────────────────────────────────────
2026-08-25 17:05:50,789 [INFO] ============================================================
2026-08-25 17:05:50,789 [INFO] LCID Short Trader — PAPER | 2026-08-25 13:05 ET
2026-08-25 17:05:50,789 [INFO] ============================================================
2026-08-25 17:05:50,789 [INFO] Checking exit...
2026-08-25 17:05:50,789 [INFO] Checking entry signal...
2026-08-25 17:05:51,187 [WARNING] Could not fetch price data, skipping signal check
2026-08-25 17:05:51,187 [INFO]   No signal (need +10%, have +0.00%)
2026-08-25 17:05:51,188 [INFO] ────────────────────────────────────────────────────────────
2026-08-25 17:05:51,188 [INFO] No open position
2026-08-25 17:05:51,188 [INFO] No closed trades yet
2026-08-25 17:05:51,188 [INFO] ────────────────────────────────────────────────────────────
2026-08-25 17:45:47,939 [INFO] ============================================================
2026-08-25 17:45:47,939 [INFO] LCID Short Trader — PAPER | 2026-08-25 13:45 ET
2026-08-25 17:45:47,939 [INFO] ============================================================
2026-08-25 17:45:47,939 [INFO] Checking exit...
2026-08-25 17:45:47,940 [INFO] Checking entry signal...
2026-08-25 17:45:48,880 [WARNING] Could not fetch price data, skipping signal check
2026-08-25 17:45:48,880 [INFO]   No signal (need +10%, have +0.00%)
2026-08-25 17:45:48,884 [INFO] ────────────────────────────────────────────────────────────
2026-08-25 17:45:48,884 [INFO] No open position
2026-08-25 17:45:48,884 [INFO] No closed trades yet
2026-08-25 17:45:48,884 [INFO] ────────────────────────────────────────────────────────────
2026-08-25 18:40:54,910 [INFO] ============================================================
2026-08-25 18:40:54,910 [INFO] LCID Short Trader — PAPER | 2026-08-25 14:40 ET
2026-08-25 18:40:54,910 [INFO] ============================================================
2026-08-25 18:40:54,910 [INFO] Checking exit...
2026-08-25 18:40:54,910 [INFO] Checking entry signal...
2026-08-25 18:40:55,271 [WARNING] Could not fetch price data, skipping signal check
2026-08-25 18:40:55,271 [INFO]   No signal (need +10%, have +0.00%)
2026-08-25 18:40:55,272 [INFO] ────────────────────────────────────────────────────────────
2026-08-25 18:40:55,272 [INFO] No open position
2026-08-25 18:40:55,272 [INFO] No closed trades yet
2026-08-25 18:40:55,272 [INFO] ────────────────────────────────────────────────────────────
2026-08-25 19:18:27,833 [INFO] ============================================================
2026-08-25 19:18:27,833 [INFO] LCID Short Trader — PAPER | 2026-08-25 15:18 ET
2026-08-25 19:18:27,833 [INFO] ============================================================
2026-08-25 19:18:27,833 [INFO] Checking exit...
2026-08-25 19:18:27,833 [INFO] Checking entry signal...
2026-08-25 19:18:28,465 [WARNING] Could not fetch price data, skipping signal check
2026-08-25 19:18:28,465 [INFO]   No signal (need +10%, have +0.00%)
2026-08-25 19:18:28,466 [INFO] ────────────────────────────────────────────────────────────
2026-08-25 19:18:28,466 [INFO] No open position
2026-08-25 19:18:28,466 [INFO] No closed trades yet
2026-08-25 19:18:28,466 [INFO] ────────────────────────────────────────────────────────────
2026-08-25 19:56:05,419 [INFO] ============================================================
2026-08-25 19:56:05,419 [INFO] LCID Short Trader — PAPER | 2026-08-25 15:56 ET
2026-08-25 19:56:05,419 [INFO] ============================================================
2026-08-25 19:56:05,419 [INFO] Checking exit...
2026-08-25 19:56:05,419 [INFO] Checking entry signal...
2026-08-25 19:56:05,768 [WARNING] Could not fetch price data, skipping signal check
2026-08-25 19:56:05,768 [INFO]   No signal (need +10%, have +0.00%)
2026-08-25 19:56:05,768 [INFO] ────────────────────────────────────────────────────────────
2026-08-25 19:56:05,768 [INFO] No open position
2026-08-25 19:56:05,768 [INFO] No closed trades yet
2026-08-25 19:56:05,768 [INFO] ────────────────────────────────────────────────────────────
2026-08-25 20:32:08,233 [INFO] ============================================================
2026-08-25 20:32:08,233 [INFO] LCID Short Trader — PAPER | 2026-08-25 16:32 ET
2026-08-25 20:32:08,233 [INFO] ============================================================
2026-08-25 20:32:08,233 [INFO] Outside market hours (9:30–16:00 ET weekdays) — nothing to do
2026-08-25 20:32:08,233 [INFO] ────────────────────────────────────────────────────────────
2026-08-25 20:32:08,233 [INFO] No open position
2026-08-25 20:32:08,234 [INFO] No closed trades yet
2026-08-25 20:32:08,234 [INFO] ────────────────────────────────────────────────────────────
2026-08-25 21:04:09,922 [INFO] ============================================================
2026-08-25 21:04:09,923 [INFO] LCID Short Trader — PAPER | 2026-08-25 17:04 ET
2026-08-25 21:04:09,923 [INFO] ============================================================
2026-08-25 21:04:09,923 [INFO] Outside market hours (9:30–16:00 ET weekdays) — nothing to do
2026-08-25 21:04:09,923 [INFO] ────────────────────────────────────────────────────────────
2026-08-25 21:04:09,923 [INFO] No open position
2026-08-25 21:04:09,923 [INFO] No closed trades yet
2026-08-25 21:04:09,923 [INFO] ────────────────────────────────────────────────────────────
2026-08-25 21:26:10,226 [INFO] ============================================================
2026-08-25 21:26:10,226 [INFO] LCID Short Trader — PAPER | 2026-08-25 17:26 ET
2026-08-25 21:26:10,226 [INFO] ============================================================
2026-08-25 21:26:10,226 [INFO] Outside market hours (9:30–16:00 ET weekdays) — nothing to do
2026-08-25 21:26:10,226 [INFO] ────────────────────────────────────────────────────────────
2026-08-25 21:26:10,226 [INFO] No open position
2026-08-25 21:26:10,226 [INFO] No closed trades yet
2026-08-25 21:26:10,226 [INFO] ────────────────────────────────────────────────────────────
2026-08-25 21:53:51,057 [INFO] ============================================================
2026-08-25 21:53:51,057 [INFO] LCID Short Trader — PAPER | 2026-08-25 17:53 ET
2026-08-25 21:53:51,057 [INFO] ============================================================
2026-08-25 21:53:51,057 [INFO] Outside market hours (9:30–16:00 ET weekdays) — nothing to do
2026-08-25 21:53:51,057 [INFO] ────────────────────────────────────────────────────────────
2026-08-25 21:53:51,057 [INFO] No open position
2026-08-25 21:53:51,057 [INFO] No closed trades yet
2026-08-25 21:53:51,057 [INFO] ────────────────────────────────────────────────────────────
2026-08-26 13:56:03,970 [INFO] ============================================================
2026-08-26 13:56:03,970 [INFO] LCID Short Trader — PAPER | 2026-08-26 09:56 ET
2026-08-26 13:56:03,970 [INFO] ============================================================
2026-08-26 13:56:03,971 [INFO] Checking exit...
2026-08-26 13:56:03,971 [INFO] Checking entry signal...
2026-08-26 13:56:04,379 [WARNING] Could not fetch price data, skipping signal check
2026-08-26 13:56:04,379 [INFO]   No signal (need +10%, have +0.00%)
2026-08-26 13:56:04,386 [INFO] ────────────────────────────────────────────────────────────
2026-08-26 13:56:04,386 [INFO] No open position
2026-08-26 13:56:04,386 [INFO] No closed trades yet
2026-08-26 13:56:04,386 [INFO] ────────────────────────────────────────────────────────────
2026-08-26 14:47:47,793 [INFO] ============================================================
2026-08-26 14:47:47,793 [INFO] LCID Short Trader — PAPER | 2026-08-26 10:47 ET
2026-08-26 14:47:47,793 [INFO] ============================================================
2026-08-26 14:47:47,793 [INFO] Checking exit...
2026-08-26 14:47:47,794 [INFO] Checking entry signal...
2026-08-26 14:47:48,142 [WARNING] Could not fetch price data, skipping signal check
2026-08-26 14:47:48,142 [INFO]   No signal (need +10%, have +0.00%)
2026-08-26 14:47:48,143 [INFO] ────────────────────────────────────────────────────────────
2026-08-26 14:47:48,143 [INFO] No open position
2026-08-26 14:47:48,143 [INFO] No closed trades yet
2026-08-26 14:47:48,143 [INFO] ────────────────────────────────────────────────────────────
2026-08-26 16:18:38,791 [INFO] ============================================================
2026-08-26 16:18:38,791 [INFO] LCID Short Trader — PAPER | 2026-08-26 12:18 ET
2026-08-26 16:18:38,791 [INFO] ============================================================
2026-08-26 16:18:38,791 [INFO] Checking exit...
2026-08-26 16:18:38,791 [INFO] Checking entry signal...
2026-08-26 16:18:39,071 [WARNING] Could not fetch price data, skipping signal check
2026-08-26 16:18:39,071 [INFO]   No signal (need +10%, have +0.00%)
2026-08-26 16:18:39,071 [INFO] ────────────────────────────────────────────────────────────
2026-08-26 16:18:39,071 [INFO] No open position
2026-08-26 16:18:39,071 [INFO] No closed trades yet
2026-08-26 16:18:39,071 [INFO] ────────────────────────────────────────────────────────────
2026-08-26 18:15:56,094 [INFO] ============================================================
2026-08-26 18:15:56,094 [INFO] LCID Short Trader — PAPER | 2026-08-26 14:15 ET
2026-08-26 18:15:56,094 [INFO] ============================================================
2026-08-26 18:15:56,095 [INFO] Checking exit...
2026-08-26 18:15:56,095 [INFO] Checking entry signal...
2026-08-26 18:15:57,079 [WARNING] Could not fetch price data, skipping signal check
2026-08-26 18:15:57,079 [INFO]   No signal (need +10%, have +0.00%)
2026-08-26 18:15:57,079 [INFO] ────────────────────────────────────────────────────────────
2026-08-26 18:15:57,079 [INFO] No open position
2026-08-26 18:15:57,079 [INFO] No closed trades yet
2026-08-26 18:15:57,079 [INFO] ────────────────────────────────────────────────────────────
2026-08-26 20:11:10,584 [INFO] ============================================================
2026-08-26 20:11:10,584 [INFO] LCID Short Trader — PAPER | 2026-08-26 16:11 ET
2026-08-26 20:11:10,584 [INFO] ============================================================
2026-08-26 20:11:10,584 [INFO] Outside market hours (9:30–16:00 ET weekdays) — nothing to do
2026-08-26 20:11:10,584 [INFO] ────────────────────────────────────────────────────────────
2026-08-26 20:11:10,584 [INFO] No open position
2026-08-26 20:11:10,584 [INFO] No closed trades yet
2026-08-26 20:11:10,584 [INFO] ────────────────────────────────────────────────────────────
2026-08-26 23:35:05,693 [INFO] ============================================================
2026-08-26 23:35:05,693 [INFO] LCID Short Trader — PAPER | 2026-08-26 19:35 ET
2026-08-26 23:35:05,693 [INFO] ============================================================
2026-08-26 23:35:05,693 [INFO] Outside market hours (9:30–16:00 ET weekdays) — nothing to do
2026-08-26 23:35:05,693 [INFO] ────────────────────────────────────────────────────────────
2026-08-26 23:35:05,693 [INFO] No open position
2026-08-26 23:35:05,693 [INFO] No closed trades yet
2026-08-26 23:35:05,693 [INFO] ────────────────────────────────────────────────────────────
2026-08-27 00:27:39,535 [INFO] ============================================================
2026-08-27 00:27:39,535 [INFO] LCID Short Trader — PAPER | 2026-08-26 20:27 ET
2026-08-27 00:27:39,535 [INFO] ============================================================
2026-08-27 00:27:39,535 [INFO] Outside market hours (9:30–16:00 ET weekdays) — nothing to do
2026-08-27 00:27:39,535 [INFO] ────────────────────────────────────────────────────────────
2026-08-27 00:27:39,535 [INFO] No open position
2026-08-27 00:27:39,535 [INFO] No closed trades yet
2026-08-27 00:27:39,535 [INFO] ────────────────────────────────────────────────────────────
2026-08-27 22:51:29,923 [INFO] ============================================================
2026-08-27 22:51:29,923 [INFO] LCID Short Trader — PAPER | 2026-08-27 18:51 ET
2026-08-27 22:51:29,923 [INFO] ============================================================
2026-08-27 22:51:29,923 [INFO] Outside market hours (9:30–16:00 ET weekdays) — nothing to do
2026-08-27 22:51:29,923 [INFO] ────────────────────────────────────────────────────────────
2026-08-27 22:51:29,923 [INFO] No open position
2026-08-27 22:51:29,923 [INFO] No closed trades yet
2026-08-27 22:51:29,923 [INFO] ────────────────────────────────────────────────────────────
2026-08-28 05:07:04,968 [INFO] ============================================================
2026-08-28 05:07:04,968 [INFO] LCID Short Trader — PAPER | 2026-08-28 01:07 ET
2026-08-28 05:07:04,968 [INFO] ============================================================
2026-08-28 05:07:04,969 [INFO] Outside market hours (9:30–16:00 ET weekdays) — nothing to do
2026-08-28 05:07:04,969 [INFO] ────────────────────────────────────────────────────────────
2026-08-28 05:07:04,969 [INFO] No open position
2026-08-28 05:07:04,969 [INFO] No closed trades yet
2026-08-28 05:07:04,969 [INFO] ────────────────────────────────────────────────────────────
2026-08-28 22:55:53,572 [INFO] ============================================================
2026-08-28 22:55:53,572 [INFO] LCID Short Trader — PAPER | 2026-08-28 18:55 ET
2026-08-28 22:55:53,572 [INFO] ============================================================
2026-08-28 22:55:53,572 [INFO] Outside market hours (9:30–16:00 ET weekdays) — nothing to do
2026-08-28 22:55:53,572 [INFO] ────────────────────────────────────────────────────────────
2026-08-28 22:55:53,572 [INFO] No open position
2026-08-28 22:55:53,572 [INFO] No closed trades yet
2026-08-28 22:55:53,572 [INFO] ────────────────────────────────────────────────────────────
2026-08-29 03:05:08,396 [INFO] ============================================================
2026-08-29 03:05:08,396 [INFO] LCID Short Trader — PAPER | 2026-08-28 23:05 ET
2026-08-29 03:05:08,397 [INFO] ============================================================
2026-08-29 03:05:08,397 [INFO] Outside market hours (9:30–16:00 ET weekdays) — nothing to do
2026-08-29 03:05:08,397 [INFO] ────────────────────────────────────────────────────────────
2026-08-29 03:05:08,397 [INFO] No open position
2026-08-29 03:05:08,397 [INFO] No closed trades yet
2026-08-29 03:05:08,397 [INFO] ────────────────────────────────────────────────────────────
